1	0.68
2	0.68
3	0.85
4	0.65
5	0.64
6	0.78
7	0.83
8	0.53
9	0.6
10	0.47
11	0.6
12	0.96
13	0.5
14	0.94
15	0.83
16	0.95
17	0.88
18	0.5
19	0.77
20	0.93
21	0.54
22	0.69
23	0.54
24	0.72
25	0.47
26	0.99
27	0.54
28	0.9
29	0.49
30	0.49
31	0.63
32	0.78
33	0.74
34	0.69
35	0.59
36	0.53
37	0.81
38	0.99
39	0.69
40	0.45
41	0.91
42	0.74
43	0.94
44	0.7
45	0.85
46	0.53
47	0.49
48	0.85
49	0.82
50	0.71
51	0.74
52	0.53
53	0.58
54	0.92
55	0.63
56	0.66
57	0.63
58	0.6
59	0.98
60	0.9
61	0.77
62	0.76
63	0.75
64	0.65
65	0.45
66	0.46
67	0.85
68	0.55
69	0.71
70	0.68
71	0.76
72	0.94
73	0.83
74	0.95
75	0.45
76	0.49
77	0.66
78	0.59
79	0.91
80	0.68
81	0.66
82	0.59
83	0.86
84	0.86
85	0.47
86	0.45
87	0.82
88	0.65
89	0.83
90	0.51
91	0.53
92	0.71
93	0.65
94	0.48
95	0.94
96	0.51
97	0.56
98	0.84
99	0.92
100	0.61
101	0.68
102	0.5
103	0.94
104	0.88
105	0.87
106	0.56
107	0.51
108	0.93
109	0.64
110	0.57
111	0.57
112	0.92
113	0.8
114	0.85
115	0.9
116	0.65
117	0.61
118	0.96
119	0.58
120	0.47
121	0.63
122	0.92
123	0.74
124	0.55
125	0.56
126	0.76
127	0.49
128	0.78
129	0.58
130	0.97
131	0.57
132	0.85
133	0.88
134	0.94
135	0.64
136	0.6
137	0.66
138	0.66
139	0.53
140	0.51
141	0.82
142	0.99
143	0.49
144	0.95
145	0.89
146	0.72
147	0.82
148	0.45
149	0.9
150	0.63
151	0.87
152	0.71
153	0.8
154	0.99
155	0.75
156	0.72
157	0.62
158	0.59
159	0.58
160	0.81
161	0.54
162	0.73
163	0.56
164	0.79
165	0.95
166	0.72
167	0.81
168	0.74
169	0.55
170	0.63
171	0.74
172	0.66
173	0.93
174	0.87
175	0.89
176	0.96
177	0.59
178	0.71
179	0.97
180	0.84
181	0.83
182	0.97
183	0.69
184	0.47
185	0.71
186	0.81
187	0.46
188	0.88
189	0.56
190	0.98
191	0.62
192	0.48
193	0.74
194	0.64
195	0.6
196	0.86
197	0.8
198	0.77
199	0.83
200	0.8
201	0.66
202	0.52
203	0.57
204	0.67
205	0.93
206	0.72
207	0.55
208	0.78
209	0.85
210	0.82
211	0.79
212	0.61
213	0.65
214	0.79
215	0.92
216	0.78
217	0.75
218	0.59
219	0.95
220	0.94
221	0.96
222	0.94
223	0.56
224	0.64
225	0.7
226	0.58
227	0.49
228	0.74
229	0.96
230	0.55
231	0.94
232	0.85
233	0.53
234	0.83
235	0.64
236	0.62
237	0.77
238	0.77
239	0.79
240	0.46
241	0.87
242	0.76
243	0.85
244	0.91
245	0.54
246	0.6
247	0.49
248	0.79
249	0.62
250	0.51
251	0.67
252	0.66
253	0.99
254	0.58
255	0.94
256	0.62
257	0.58
258	0.73
259	0.88
260	0.71
261	0.51
262	0.58
263	0.67
264	0.66
265	0.92
266	0.94
267	0.67
268	0.86
269	0.97
270	0.61
271	0.7
272	0.5
273	0.46
274	0.82
275	0.8
276	0.49
277	0.95
278	0.54
279	0.65
280	0.46
281	0.81
282	0.68
283	0.94
284	0.83
285	0.89
286	0.58
287	0.74
288	0.84
289	0.48
290	0.8
291	0.67
292	0.58
293	0.97
294	0.6
295	0.94
296	0.81
297	0.69
298	0.48
299	0.64
300	0.72
301	0.46
302	0.9
303	0.8
304	0.98
305	0.84
306	0.79
307	0.81
308	0.73
309	0.62
310	0.53
311	0.77
312	0.88
313	0.66
314	0.66
315	0.46
316	0.61
317	0.93
318	0.63
319	0.61
320	0.63
321	0.86
322	0.94
323	0.64
324	0.54
325	0.84
326	0.48
327	0.94
328	0.5
329	0.65
330	0.96
331	0.99
332	0.99
333	0.87
334	0.68
335	0.78
336	0.68
337	0.46
338	0.46
339	0.85
340	0.91
341	0.68
342	0.69
343	0.85
344	0.62
345	0.89
346	0.64
347	0.59
348	0.46
349	0.74
350	0.88
351	0.83
352	0.56
353	0.65
354	0.93
355	0.87
356	0.62
357	0.47
358	0.46
359	0.8
360	0.59
361	0.54
362	0.75
363	0.84
364	0.49
365	0.76
366	0.78
367	0.57
368	0.53
369	0.93
370	0.86
371	0.88
372	0.83
373	0.64
374	0.75
375	0.89
376	0.8
377	0.72
378	0.74
379	0.76
380	0.94
381	0.48
382	0.78
383	0.48
384	0.89
385	0.86
386	0.91
387	0.67
388	0.75
389	0.62
390	0.64
391	0.73
392	0.66
393	0.84
394	0.6
395	0.84
396	0.79
397	0.56
398	0.55
399	0.89
400	0.84
401	0.83
402	0.75
403	0.47
404	0.45
405	0.48
406	0.65
407	0.87
408	0.81
409	0.8
410	0.52
411	0.64
412	0.96
413	0.56
414	0.86
415	0.47
416	0.5
417	0.74
418	0.84
419	0.88
420	0.92
421	0.83
422	0.51
423	0.63
424	0.74
425	0.86
426	0.85
427	0.9
428	0.87
429	0.66
430	0.93
431	0.9
432	0.65
433	0.55
434	0.9
435	0.87
436	0.92
437	0.54
438	0.84
439	0.78
440	0.98
441	0.97
442	0.69
443	0.53
444	0.49
445	0.97
446	0.54
447	0.61
448	0.77
449	0.98
450	0.8
451	0.72
452	0.98
453	0.71
454	0.57
455	0.68
456	0.86
457	0.97
458	0.98
459	0.75
460	0.99
461	0.96
462	0.57
463	0.84
464	0.5
465	0.49
466	0.97
467	0.65
468	0.97
469	0.46
470	0.81
471	0.8
472	0.55
473	0.53
474	0.8
475	0.54
476	0.53
477	0.7
478	0.73
479	0.6
480	0.51
481	0.94
482	0.79
483	0.6
484	0.78
485	0.53
486	0.9
487	0.56
488	0.74
489	0.81
490	0.49
491	0.97
492	0.84
493	0.52
494	0.88
495	0.93
496	0.63
497	0.52
498	0.76
499	0.58
500	0.98
501	0.97
502	0.94
503	0.92
504	0.7
505	0.54
506	0.69
507	0.98
508	0.45
509	0.96
510	0.88
511	0.59
512	0.65
513	0.76
514	0.79
515	0.51
516	0.84
517	0.85
518	0.99
519	0.78
520	0.66
521	0.78
522	0.62
523	0.82
524	0.8
525	0.52
526	0.53
527	0.54
528	0.73
529	0.49
530	0.58
531	0.78
532	0.73
533	0.49
534	0.58
535	0.78
536	0.58
537	0.85
538	0.99
539	0.53
540	0.48
541	0.84
542	0.74
543	0.61
544	0.66
545	0.6
546	0.5
547	0.49
548	0.65
549	0.71
550	0.74
551	0.88
552	0.81
553	0.58
554	0.81
555	0.81
556	0.78
557	0.98
558	0.96
559	0.88
560	0.52
561	0.77
562	0.75
563	0.71
564	0.97
565	0.73
566	0.77
567	0.54
568	0.47
569	0.99
570	0.57
571	0.62
572	0.49
573	0.52
574	0.88
575	0.95
576	0.87
577	0.67
578	0.55
579	0.49
580	0.53
581	0.61
582	0.92
583	0.48
584	0.61
585	0.52
586	0.46
587	0.92
588	0.57
589	0.6
590	0.92
591	0.99
592	0.68
593	0.9
594	0.46
595	0.49
596	0.47
597	0.89
598	0.49
599	0.55
600	0.75
601	0.75
602	0.84
603	0.63
604	0.68
605	0.93
606	0.75
607	0.83
608	0.92
609	0.72
610	0.96
611	0.81
612	0.58
613	0.77
614	0.96
615	0.88
616	0.98
617	0.52
618	0.55
619	0.61
620	0.97
621	0.78
622	0.55
623	0.59
624	0.53
625	0.58
626	0.55
627	0.6
628	0.97
629	0.74
630	0.87
631	0.78
632	0.83
633	0.61
634	0.67
635	0.96
636	0.46
637	0.9
638	0.87
639	0.57
640	0.51
641	0.87
642	0.67
643	0.5
644	0.49
645	0.8
646	0.68
647	0.86
648	0.6
649	0.47
650	0.78
651	0.69
652	0.99
653	0.57
654	0.82
655	0.73
656	0.46
657	0.51
658	0.91
659	0.79
660	0.82
661	0.71
662	0.7
663	0.66
664	0.5
665	0.52
666	0.64
667	0.46
668	0.74
669	0.6
670	0.88
671	0.86
672	0.77
673	0.87
674	0.77
675	0.49
676	0.47
677	0.6
678	0.68
679	0.8
680	0.62
681	0.68
682	0.54
683	0.52
684	0.65
685	0.48
686	0.71
687	0.79
688	0.7
689	0.94
690	0.5
691	0.94
692	0.83
693	0.81
694	0.78
695	0.92
696	0.57
697	0.74
698	0.53
699	0.73
700	0.92
701	0.46
702	0.47
703	0.75
704	0.47
705	0.99
706	0.53
707	0.54
708	0.83
709	0.91
710	0.63
711	0.72
712	0.51
713	0.65
714	0.48
715	0.75
716	0.79
717	0.83
718	0.97
719	0.8
720	0.59
721	0.84
722	0.97
723	0.82
724	0.5
725	0.73
726	0.59
727	0.48
728	0.86
729	0.84
730	0.75
731	0.83
732	0.8
733	0.67
734	0.67
735	0.54
736	0.62
737	0.71
738	0.87
739	0.77
740	0.68
741	0.69
742	0.91
743	0.53
744	0.5
745	0.91
746	0.54
747	0.53
748	0.52
749	0.9
750	0.69
751	0.69
752	0.74
753	0.79
754	0.62
755	0.79
756	0.89
757	0.62
758	0.5
759	0.89
760	0.94
761	0.57
762	0.58
763	0.75
764	0.77
765	0.93
766	0.63
767	0.64
768	0.95
769	0.62
770	0.81
771	0.81
772	0.98
773	0.87
774	0.83
775	0.65
776	0.85
777	0.93
778	0.91
779	0.63
780	0.75
781	0.63
782	0.81
783	0.66
784	0.58
785	0.78
786	0.61
787	0.64
788	0.99
789	0.91
790	0.95
791	0.62
792	0.55
793	0.72
794	0.91
795	0.58
796	0.75
797	0.77
798	0.86
799	0.72
800	0.67
801	0.66
802	0.95
803	0.67
804	0.7
805	0.66
806	0.5
807	0.67
808	0.5
809	0.94
810	0.6
811	0.7
812	0.8
813	0.7
814	0.88
815	0.69
816	0.71
817	0.83
818	0.56
819	0.48
820	0.95
821	0.81
822	0.67
823	0.86
824	0.8
825	0.9
826	0.5
827	0.55
828	0.76
829	0.81
830	0.73
831	0.78
832	0.77
833	0.68
834	0.99
835	0.58
836	0.53
837	0.54
838	0.45
839	0.7
840	0.92
841	0.84
842	0.45
843	0.45
844	0.89
845	0.51
846	0.46
847	0.46
848	0.67
849	0.94
850	0.76
851	0.76
852	0.85
853	0.62
854	0.77
855	0.49
856	0.77
857	0.68
858	0.93
859	0.58
860	0.46
861	0.87
862	0.86
863	0.49
864	0.47
865	0.99
866	0.6
867	0.82
868	0.65
869	0.53
870	0.62
871	0.81
872	0.98
873	0.88
874	0.84
875	0.95
876	0.99
877	0.94
878	0.7
879	0.64
880	0.72
881	0.92
882	0.89
883	0.94
884	0.99
885	0.66
886	0.47
887	0.9
888	0.74
889	0.91
890	0.86
891	0.74
892	0.67
893	0.66
894	0.92
895	0.87
896	0.7
897	0.64
898	0.83
899	0.96
900	0.52
901	0.63
902	0.55
903	0.97
904	0.45
905	0.74
906	0.92
907	0.75
908	0.46
909	0.75
910	0.85
911	0.65
912	0.52
913	0.45
914	0.66
915	0.87
916	0.81
917	0.94
918	0.84
919	0.82
920	0.95
921	0.48
922	0.73
923	0.76
924	0.51
925	0.64
926	0.45
927	0.5
928	0.54
929	0.87
930	0.61
931	0.9
932	0.98
933	0.51
934	0.55
935	0.82
936	0.49
937	0.57
938	0.97
939	0.53
940	0.81
941	0.81
942	0.91
943	0.79
944	0.86
945	0.53
946	0.86
947	0.45
948	0.81
949	0.79
950	0.5
951	0.76
952	0.81
953	0.49
954	0.53
955	0.6
956	0.75
957	0.61
958	0.88
959	0.79
960	0.98
961	0.77
962	0.49
963	0.99
964	0.54
965	0.75
966	0.79
967	0.93
968	0.85
969	0.46
970	0.83
971	0.64
972	0.95
973	0.57
974	0.83
975	0.47
976	0.85
977	0.62
978	0.95
979	0.86
980	0.61
981	0.54
982	0.9
983	0.82
984	0.53
985	0.9
986	0.81
987	0.94
988	0.75
989	0.7
990	0.53
991	0.67
992	0.92
993	0.96
994	0.97
995	0.62
996	0.9
997	0.54
998	0.63
999	0.85
1000	0.67
1001	0.71
1002	0.98
1003	0.6
1004	0.89
1005	0.97
1006	0.97
1007	0.93
1008	0.88
1009	0.55
1010	0.85
1011	0.67
1012	0.8
1013	0.88
1014	0.78
1015	0.6
1016	0.47
1017	0.94
1018	0.74
1019	0.72
1020	0.86
1021	0.95
1022	0.74
1023	0.56
1024	0.63
1025	0.66
1026	0.45
1027	0.53
1028	0.56
1029	0.81
1030	0.53
1031	0.53
1032	0.96
1033	0.83
1034	0.7
1035	0.94
1036	0.82
1037	0.69
1038	0.51
1039	0.93
1040	0.77
1041	0.79
1042	0.45
1043	0.64
1044	0.93
1045	0.86
1046	0.5
1047	0.99
1048	0.47
1049	0.79
1050	0.47
1051	0.91
1052	0.49
1053	0.67
1054	0.78
1055	0.47
1056	0.46
1057	0.53
1058	0.8
1059	0.85
1060	0.85
1061	0.97
1062	0.79
1063	0.63
1064	0.97
1065	0.85
1066	0.61
1067	0.91
1068	0.64
1069	0.66
1070	0.47
1071	0.94
1072	0.76
1073	0.84
1074	0.47
1075	0.52
1076	0.71
1077	0.6
1078	0.58
1079	0.69
1080	0.49
1081	0.74
1082	0.56
1083	0.83
1084	0.77
1085	0.53
1086	0.6
1087	0.58
1088	0.9
1089	0.99
1090	0.63
1091	0.63
1092	0.76
1093	0.48
1094	0.68
1095	0.9
1096	0.7
1097	0.98
1098	0.94
1099	0.68
1100	0.77
1101	0.86
1102	0.85
1103	0.74
1104	0.76
1105	0.56
1106	0.86
1107	0.47
1108	0.47
1109	0.93
1110	0.63
1111	0.91
1112	0.59
1113	0.7
1114	0.56
1115	0.91
1116	0.84
1117	0.78
1118	0.81
1119	0.55
1120	0.61
1121	0.85
1122	0.79
1123	0.45
1124	0.73
1125	0.83
1126	0.66
1127	0.9
1128	0.66
1129	0.8
1130	0.87
1131	0.45
1132	0.85
1133	0.85
1134	0.63
1135	0.79
1136	0.96
1137	0.89
1138	0.7
1139	0.95
1140	0.99
1141	0.56
1142	0.77
1143	0.63
1144	0.67
1145	0.65
1146	0.95
1147	0.5
1148	0.74
1149	0.74
1150	0.81
1151	0.89
1152	0.79
1153	0.78
1154	0.48
1155	0.87
1156	0.9
1157	0.79
1158	0.6
1159	0.79
1160	0.66
1161	0.8
1162	0.61
1163	0.72
1164	0.53
1165	0.8
1166	0.95
1167	0.9
1168	0.85
1169	0.67
1170	0.61
1171	0.95
1172	0.99
1173	0.87
1174	0.54
1175	0.62
1176	0.71
1177	0.83
1178	0.64
1179	0.56
1180	0.87
1181	0.91
1182	0.81
1183	0.91
1184	0.74
1185	0.64
1186	0.57
1187	0.86
1188	0.53
1189	0.73
1190	0.8
1191	0.68
1192	0.9
1193	0.72
1194	0.97
1195	0.69
1196	0.81
1197	0.7
1198	0.51
1199	0.85
1200	0.55
1201	0.98
1202	0.78
1203	0.49
1204	0.73
1205	0.55
1206	0.86
1207	0.49
1208	0.48
1209	0.48
1210	0.84
1211	0.58
1212	0.55
1213	0.69
1214	0.53
1215	0.7
1216	0.76
1217	0.89
1218	0.53
1219	0.97
1220	0.59
1221	0.61
1222	0.5
1223	0.54
1224	0.59
1225	0.5
1226	0.67
1227	0.92
1228	0.62
1229	0.88
1230	0.61
1231	0.8
1232	0.47
1233	0.75
1234	0.45
1235	0.78
1236	0.89
1237	0.92
1238	0.87
1239	0.85
1240	0.91
1241	0.82
1242	0.52
1243	0.86
1244	0.98
1245	0.88
1246	0.84
1247	0.84
1248	0.49
1249	0.61
1250	0.63
1251	0.93
1252	0.84
1253	0.85
1254	0.73
1255	0.72
1256	0.83
1257	0.99
1258	0.85
1259	0.95
1260	0.74
1261	0.53
1262	0.59
1263	0.77
1264	0.76
1265	0.61
1266	0.86
1267	0.89
1268	0.97
1269	0.85
1270	0.58
1271	0.88
1272	0.47
1273	0.96
1274	0.85
1275	0.97
1276	0.62
1277	0.83
1278	0.96
1279	0.93
1280	0.96
1281	0.86
1282	0.86
1283	0.71
1284	0.96
1285	0.94
1286	0.74
1287	0.79
1288	0.92
1289	0.63
1290	0.74
1291	0.94
1292	0.68
1293	0.87
1294	0.7
1295	0.69
1296	0.79
1297	0.99
1298	0.93
1299	0.9
1300	0.82
1301	0.84
1302	0.5
1303	0.54
1304	0.63
1305	0.62
1306	0.78
1307	0.48
1308	0.56
1309	0.86
1310	0.67
1311	0.6
1312	0.67
1313	0.62
1314	0.7
1315	0.81
1316	0.61
1317	0.47
1318	0.47
1319	0.96
1320	0.88
1321	0.61
1322	0.88
1323	0.93
1324	0.62
1325	0.76
1326	0.76
1327	0.77
1328	0.98
1329	0.61
1330	0.53
1331	0.87
1332	0.47
1333	0.48
1334	0.69
1335	0.88
1336	0.81
1337	0.87
1338	0.53
1339	0.96
1340	0.52
1341	0.87
1342	0.94
1343	0.51
1344	0.84
1345	0.65
1346	0.91
1347	0.68
1348	0.95
1349	0.77
1350	0.74
1351	0.54
1352	0.78
1353	0.96
1354	0.72
1355	0.61
1356	0.93
1357	0.94
1358	0.87
1359	0.78
1360	0.9
1361	0.81
1362	0.56
1363	0.87
1364	0.66
1365	0.51
1366	0.9
1367	0.52
1368	0.98
1369	0.55
1370	0.8
1371	0.47
1372	0.95
1373	0.48
1374	0.46
1375	0.91
1376	0.45
1377	0.98
1378	0.58
1379	0.77
1380	0.92
1381	0.76
1382	0.46
1383	0.97
1384	0.71
1385	0.92
1386	0.6
1387	0.81
1388	0.47
1389	0.6
1390	0.88
1391	0.83
1392	0.9
1393	0.87
1394	0.74
1395	0.97
1396	0.75
1397	0.54
1398	0.88
1399	0.88
1400	0.87
1401	0.87
1402	0.92
1403	0.98
1404	0.47
1405	0.96
1406	0.76
1407	0.46
1408	0.78
1409	0.58
1410	0.54
1411	0.85
1412	0.59
1413	0.97
1414	0.93
1415	0.52
1416	0.83
1417	0.52
1418	0.84
1419	0.66
1420	0.89
1421	0.9
1422	0.5
1423	0.47
1424	0.52
1425	0.6
1426	0.84
1427	0.52
1428	0.94
1429	0.49
1430	0.97
1431	0.46
1432	0.5
1433	0.53
1434	0.82
1435	0.57
1436	0.51
1437	0.79
1438	0.97
1439	0.54
1440	0.56
1441	0.61
1442	0.45
1443	0.95
1444	0.6
1445	0.48
1446	0.47
1447	0.5
1448	0.62
1449	0.74
1450	0.69
1451	0.5
1452	0.57
1453	0.96
1454	0.9
1455	0.61
1456	0.74
1457	0.86
1458	0.62
1459	0.68
1460	0.66
1461	0.75
1462	0.48
1463	0.62
1464	0.62
1465	0.53
1466	0.51
1467	0.58
1468	0.96
1469	0.92
1470	0.91
1471	0.73
1472	0.66
1473	0.53
1474	0.84
1475	0.91
1476	0.97
1477	0.68
1478	0.8
1479	0.86
1480	0.59
1481	0.82
1482	0.88
1483	0.78
1484	0.72
1485	0.89
1486	0.55
1487	0.79
1488	0.91
1489	0.65
1490	0.72
1491	0.54
1492	0.74
1493	0.74
1494	0.94
1495	0.67
1496	0.97
1497	0.65
1498	0.96
1499	0.7
1500	0.85
1501	0.62
1502	0.62
1503	0.64
1504	0.63
1505	0.72
1506	0.89
1507	0.79
1508	0.8
1509	0.49
1510	0.55
1511	0.5
1512	0.7
1513	0.55
1514	0.55
1515	0.92
1516	0.75
1517	0.9
1518	0.93
1519	0.6
1520	0.87
1521	0.69
1522	0.46
1523	0.74
1524	0.96
1525	0.69
1526	0.91
1527	0.75
1528	0.59
1529	0.79
1530	0.71
1531	0.54
1532	0.9
1533	0.58
1534	0.97
1535	0.74
1536	0.84
1537	0.73
1538	0.87
1539	0.66
1540	0.79
1541	0.91
1542	0.46
1543	0.96
1544	0.94
1545	0.71
1546	0.67
1547	0.98
1548	0.9
1549	0.59
1550	0.48
1551	0.49
1552	0.64
1553	0.83
1554	0.68
1555	0.94
1556	0.95
1557	0.62
1558	0.66
1559	0.61
1560	0.56
1561	0.75
1562	0.51
1563	0.81
1564	0.67
1565	0.57
1566	0.89
1567	0.71
1568	0.57
1569	0.62
1570	0.87
1571	0.5
1572	0.78
1573	0.82
1574	0.61
1575	0.84
1576	0.69
1577	0.75
1578	0.48
1579	0.59
1580	0.78
1581	0.78
1582	0.49
1583	0.58
1584	0.91
1585	0.77
1586	0.72
1587	0.8
1588	0.47
1589	0.96
1590	0.59
1591	0.49
1592	0.45
1593	0.65
1594	0.93
1595	0.63
1596	0.8
1597	0.58
1598	0.6
1599	0.85
1600	0.46
1601	0.87
1602	0.85
1603	0.8
1604	0.85
1605	0.87
1606	0.47
1607	0.78
1608	0.99
1609	0.87
1610	0.53
1611	0.55
1612	0.81
1613	0.62
1614	0.65
1615	0.82
1616	0.77
1617	0.69
1618	0.45
1619	0.72
1620	0.97
1621	0.79
1622	0.82
1623	0.89
1624	0.56
1625	0.83
1626	0.92
1627	0.61
1628	0.61
1629	0.64
1630	0.52
1631	0.78
1632	0.72
1633	0.66
1634	0.51
1635	0.71
1636	0.84
1637	0.59
1638	0.61
1639	0.64
1640	0.5
1641	0.89
1642	0.63
1643	0.83
1644	0.91
1645	0.66
1646	0.78
1647	0.95
1648	0.95
1649	0.74
1650	0.84
1651	0.78
1652	0.79
1653	0.48
1654	0.67
1655	0.77
1656	0.52
1657	0.63
1658	0.99
1659	0.59
1660	0.97
1661	0.84
1662	0.83
1663	0.87
1664	0.54
1665	0.6
1666	0.7
1667	0.84
1668	0.82
1669	0.93
1670	0.94
1671	0.67
1672	0.67
1673	0.66
1674	0.65
1675	0.69
1676	0.53
1677	0.87
1678	0.58
1679	0.78
1680	0.66
1681	0.7
1682	0.69
1683	0.6
1684	0.79
1685	0.84
1686	0.73
1687	0.86
1688	0.78
1689	0.47
1690	0.96
1691	0.76
1692	0.51
1693	0.49
1694	0.69
1695	0.52
1696	0.77
1697	0.82
1698	0.91
1699	0.61
1700	0.8
1701	0.75
1702	0.52
1703	0.61
1704	0.64
1705	0.76
1706	0.98
1707	0.5
1708	0.52
1709	0.86
1710	0.48
1711	0.69
1712	0.59
1713	0.77
1714	0.47
1715	0.63
1716	0.72
1717	0.9
1718	0.85
1719	0.45
1720	0.96
1721	0.49
1722	0.98
1723	0.95
1724	0.77
1725	0.85
1726	0.77
1727	0.58
1728	0.89
1729	0.53
1730	0.72
1731	0.75
1732	0.64
1733	0.57
1734	0.95
1735	0.61
1736	0.73
1737	0.71
1738	0.63
1739	0.72
1740	0.73
1741	0.51
1742	0.67
1743	0.53
1744	0.82
1745	0.6
1746	0.54
1747	0.9
1748	0.73
1749	0.67
1750	0.52
1751	0.99
1752	0.72
1753	0.46
1754	0.53
1755	0.75
1756	0.92
1757	0.93
1758	0.71
1759	0.58
1760	0.92
1761	0.55
1762	0.6
1763	0.94
1764	0.72
1765	0.93
1766	0.45
1767	0.67
1768	0.94
1769	0.76
1770	0.46
1771	0.91
1772	0.58
1773	0.7
1774	0.82
1775	0.8
1776	0.52
1777	0.45
1778	0.67
1779	0.87
1780	0.81
1781	0.75
1782	0.5
1783	0.8
1784	0.56
1785	0.49
1786	0.81
1787	0.47
1788	0.64
1789	0.53
1790	0.51
1791	0.8
1792	0.97
1793	0.57
1794	0.98
1795	0.51
1796	0.9
1797	0.67
1798	0.89
1799	0.46
1800	0.6
1801	0.86
1802	0.56
1803	0.72
1804	0.63
1805	0.52
1806	0.66
1807	0.92
1808	0.94
1809	0.5
1810	0.45
1811	0.87
1812	0.77
1813	0.75
1814	0.7
1815	0.94
1816	0.46
1817	0.56
1818	0.98
1819	0.69
1820	0.46
1821	0.58
1822	0.68
1823	0.47
1824	0.57
1825	0.57
1826	0.6
1827	0.52
1828	0.67
1829	0.98
1830	0.93
1831	0.61
1832	0.63
1833	0.58
1834	0.77
1835	0.6
1836	0.82
1837	0.6
1838	0.5
1839	0.88
1840	0.59
1841	0.81
1842	0.77
1843	0.51
1844	0.92
1845	0.94
1846	0.76
1847	0.97
1848	0.56
1849	0.8
1850	0.86
1851	0.98
1852	0.64
1853	0.53
1854	0.86
1855	0.8
1856	0.89
1857	0.73
1858	0.84
1859	0.88
1860	0.92
1861	0.84
1862	0.85
1863	0.8
1864	0.85
1865	0.82
1866	0.88
1867	0.66
1868	0.45
1869	0.63
1870	0.45
1871	0.86
1872	0.87
1873	0.8
1874	0.91
1875	0.93
1876	0.51
1877	0.97
1878	0.63
1879	0.74
1880	0.82
1881	0.62
1882	0.59
1883	0.58
1884	0.9
1885	0.84
1886	0.93
1887	0.72
1888	0.64
1889	0.83
1890	0.67
1891	0.56
1892	0.56
1893	0.45
1894	0.67
1895	0.49
1896	0.53
1897	0.84
1898	0.95
1899	0.94
1900	0.45
1901	0.47
1902	0.76
1903	0.5
1904	0.71
1905	0.54
1906	0.6
1907	0.51
1908	0.45
1909	0.74
1910	0.45
1911	0.9
1912	0.53
1913	0.58
1914	0.73
1915	0.89
1916	0.91
1917	0.5
1918	0.49
1919	0.68
1920	0.93
1921	0.53
1922	0.95
1923	0.47
1924	0.5
1925	0.55
1926	0.88
1927	0.54
1928	0.75
1929	0.7
1930	0.74
1931	0.46
1932	0.7
1933	0.61
1934	0.48
1935	0.78
1936	0.98
1937	0.83
1938	0.86
1939	0.82
1940	0.68
1941	0.67
1942	0.63
1943	0.45
1944	0.77
1945	0.78
1946	0.56
1947	0.9
1948	0.52
1949	0.62
1950	0.57
1951	0.73
1952	0.88
1953	0.74
1954	0.7
1955	0.68
1956	0.74
1957	0.84
1958	0.71
1959	0.86
1960	0.64
1961	0.96
1962	0.55
1963	0.92
1964	0.96
1965	0.91
1966	0.77
1967	0.95
1968	0.74
1969	0.47
1970	0.86
1971	0.7
1972	0.88
1973	0.85
1974	0.96
1975	0.5
1976	0.47
1977	0.55
1978	0.93
1979	0.57
1980	0.89
1981	0.78
1982	0.75
1983	0.56
1984	0.79
1985	0.57
1986	0.94
1987	0.73
1988	0.78
1989	0.54
1990	0.89
1991	0.98
1992	0.85
1993	0.68
1994	0.88
1995	0.95
1996	0.93
1997	0.92
1998	0.71
1999	0.79
2000	0.64
2001	0.5
2002	0.77
2003	0.92
2004	0.57
2005	0.65
2006	0.48
2007	0.73
2008	0.63
2009	0.63
2010	0.67
2011	0.65
2012	0.8
2013	0.55
2014	0.91
2015	0.93
2016	0.64
2017	0.9
2018	0.65
2019	0.65
2020	0.99
2021	0.6
2022	0.48
2023	0.95
2024	0.52
2025	0.45
2026	0.93
2027	0.72
2028	0.54
2029	0.5
2030	0.79
2031	0.78
2032	0.46
2033	0.63
2034	0.88
2035	0.54
2036	0.93
2037	0.5
2038	0.71
2039	0.85
2040	0.65
2041	0.61
2042	0.71
2043	0.77
2044	0.66
2045	0.57
2046	0.55
2047	0.48
2048	0.64
2049	0.53
2050	0.8
2051	0.5
2052	0.62
2053	0.83
2054	0.78
2055	0.58
2056	0.49
2057	0.66
2058	0.52
2059	0.81
2060	0.71
2061	0.77
2062	0.51
2063	0.59
2064	0.69
2065	0.62
2066	0.84
2067	0.85
2068	0.63
2069	0.49
2070	0.75
2071	0.61
2072	0.71
2073	0.95
2074	0.74
2075	0.84
2076	0.79
2077	0.79
2078	0.96
2079	0.85
2080	0.71
2081	0.77
2082	0.89
2083	0.96
2084	0.79
2085	0.73
2086	0.48
2087	0.96
2088	0.45
2089	0.61
2090	0.81
2091	0.65
2092	0.59
2093	0.78
2094	0.94
2095	0.76
2096	0.79
2097	0.64
2098	0.68
2099	0.57
2100	0.66
2101	0.71
2102	0.93
2103	0.85
2104	0.58
2105	0.46
2106	0.85
2107	0.8
2108	0.84
2109	0.77
2110	0.93
2111	0.74
2112	0.79
2113	0.57
2114	0.72
2115	0.88
2116	0.91
2117	0.49
2118	0.64
2119	0.81
2120	0.52
2121	0.75
2122	0.79
2123	0.89
2124	0.88
2125	0.97
2126	0.73
2127	0.55
2128	0.48
2129	0.63
2130	0.47
2131	0.88
2132	0.83
2133	0.76
2134	0.88
2135	0.72
2136	0.63
2137	0.75
2138	0.48
2139	0.87
2140	0.98
2141	0.52
2142	0.73
2143	0.96
2144	0.57
2145	0.6
2146	0.95
2147	0.89
2148	0.74
2149	0.87
2150	0.45
2151	0.52
2152	0.72
2153	0.78
2154	0.53
2155	0.84
2156	0.71
2157	0.67
2158	0.68
2159	0.63
2160	0.93
2161	0.76
2162	0.76
2163	0.9
2164	0.81
2165	0.71
2166	0.49
2167	0.86
2168	0.57
2169	0.7
2170	0.52
2171	0.94
2172	0.78
2173	0.84
2174	0.73
2175	0.96
2176	0.95
2177	0.66
2178	0.92
2179	0.54
2180	0.74
2181	0.71
2182	0.84
2183	0.93
2184	0.51
2185	0.96
2186	0.71
2187	0.56
2188	0.89
2189	0.83
2190	0.78
2191	0.86
2192	0.91
2193	0.71
2194	0.8
2195	0.82
2196	0.73
2197	0.51
2198	0.6
2199	0.81
2200	0.64
2201	0.9
2202	0.63
2203	0.63
2204	0.86
2205	0.78
2206	0.54
2207	0.74
2208	0.75
2209	0.48
2210	0.61
2211	0.76
2212	0.61
2213	0.69
2214	0.91
2215	0.69
2216	0.82
2217	0.48
2218	0.58
2219	0.67
2220	0.63
2221	0.61
2222	0.88
2223	0.76
2224	0.86
2225	0.87
2226	0.77
2227	0.51
2228	0.45
2229	0.64
2230	0.94
2231	0.49
2232	0.54
2233	0.88
2234	0.65
2235	0.93
2236	0.72
2237	0.54
2238	0.86
2239	0.84
2240	0.78
2241	0.59
2242	0.88
2243	0.91
2244	0.73
2245	0.93
2246	0.96
2247	0.49
2248	0.72
2249	0.93
2250	0.71
2251	0.84
2252	0.7
2253	0.55
2254	0.9
2255	0.88
2256	0.68
2257	0.75
2258	0.7
2259	0.97
2260	0.68
2261	0.49
2262	0.79
2263	0.64
2264	0.89
2265	0.57
2266	0.68
2267	0.82
2268	0.61
2269	0.65
2270	0.65
2271	0.78
2272	0.66
2273	0.99
2274	0.56
2275	0.91
2276	0.73
2277	0.62
2278	0.94
2279	0.73
2280	0.74
2281	0.86
2282	0.87
2283	0.82
2284	0.81
2285	0.49
2286	0.66
2287	0.51
2288	0.82
2289	0.46
2290	0.75
2291	0.66
2292	0.57
2293	0.47
2294	0.83
2295	0.96
2296	0.67
2297	0.53
2298	0.68
2299	0.85
2300	0.75
2301	0.45
2302	0.63
2303	0.57
2304	0.56
2305	0.61
2306	0.62
2307	0.91
2308	0.5
2309	0.71
2310	0.73
2311	0.77
2312	0.76
2313	0.55
2314	0.62
2315	0.77
2316	0.58
2317	0.5
2318	0.73
2319	0.71
2320	0.85
2321	0.72
2322	0.76
2323	0.96
2324	0.84
2325	0.84
2326	0.85
2327	0.53
2328	0.5
2329	0.93
2330	0.68
2331	0.84
2332	0.59
2333	0.97
2334	0.97
2335	0.92
2336	0.87
2337	0.5
2338	0.65
2339	0.8
2340	0.64
2341	0.55
2342	0.96
2343	0.84
2344	0.8
2345	0.96
2346	0.8
2347	0.55
2348	0.57
2349	0.59
2350	0.67
2351	0.87
2352	0.7
2353	0.45
2354	0.55
2355	0.84
2356	0.9
2357	0.71
2358	0.96
2359	0.63
2360	0.95
2361	0.6
2362	0.62
2363	0.88
2364	0.46
2365	0.68
2366	0.75
2367	0.96
2368	0.74
2369	0.98
2370	0.71
2371	0.71
2372	0.89
2373	0.48
2374	0.53
2375	0.78
2376	0.47
2377	0.64
2378	0.92
2379	0.81
2380	0.81
2381	0.6
2382	0.48
2383	0.85
2384	0.76
2385	0.87
2386	0.64
2387	0.86
2388	0.62
2389	0.94
2390	0.8
2391	0.61
2392	0.83
2393	0.75
2394	0.57
2395	0.47
2396	0.85
2397	0.73
2398	0.92
2399	0.75
2400	0.91
2401	0.55
2402	0.94
2403	0.97
2404	0.78
2405	0.74
2406	0.99
2407	0.52
2408	0.74
2409	0.79
2410	0.58
2411	0.63
2412	0.7
2413	0.51
2414	0.55
2415	0.9
2416	0.61
2417	0.98
2418	0.66
2419	0.95
2420	0.87
2421	0.99
2422	0.73
2423	0.99
2424	0.54
2425	0.96
2426	0.49
2427	0.8
2428	0.68
2429	0.57
2430	0.46
2431	0.46
2432	0.93
2433	0.97
2434	0.61
2435	0.74
2436	0.84
2437	0.59
2438	0.58
2439	0.74
2440	0.89
2441	0.76
2442	0.93
2443	0.9
2444	0.96
2445	0.62
2446	0.7
2447	0.77
2448	0.65
2449	0.72
2450	0.55
2451	0.46
2452	0.94
2453	0.61
2454	0.58
2455	0.8
2456	0.78
2457	0.5
2458	0.94
2459	0.87
2460	0.63
2461	0.76
2462	0.79
2463	0.68
2464	0.45
2465	0.88
2466	0.52
2467	0.97
2468	0.5
2469	0.75
2470	0.49
2471	0.45
2472	0.67
2473	0.66
2474	0.64
2475	0.86
2476	0.72
2477	0.76
2478	0.53
2479	0.52
2480	0.66
2481	0.49
2482	0.85
2483	0.74
2484	0.78
2485	0.63
2486	0.8
2487	0.52
2488	0.99
2489	0.75
2490	0.91
2491	0.98
2492	0.54
2493	0.9
2494	0.72
2495	0.64
2496	0.53
2497	0.78
2498	0.91
2499	0.51
2500	0.59
2501	0.58
2502	0.46
2503	0.84
2504	0.77
2505	0.83
2506	0.5
2507	0.96
2508	0.78
2509	0.49
2510	0.68
2511	0.49
2512	0.58
2513	0.45
2514	0.63
2515	0.56
2516	0.77
2517	0.84
2518	0.81
2519	0.47
2520	0.47
2521	0.49
2522	0.45
2523	0.5
2524	0.95
2525	0.95
2526	0.68
2527	0.81
2528	0.97
2529	0.55
2530	0.48
2531	0.54
2532	0.6
2533	0.45
2534	0.97
2535	0.71
2536	0.57
2537	0.53
2538	0.67
2539	0.92
2540	0.5
2541	0.9
2542	0.97
2543	0.51
2544	0.76
2545	0.53
2546	0.67
2547	0.6
2548	0.67
2549	0.86
2550	0.65
2551	0.73
2552	0.52
2553	0.59
2554	0.94
2555	0.72
2556	0.76
2557	0.85
2558	0.79
2559	0.98
2560	0.76
2561	0.63
2562	0.79
2563	0.52
2564	0.52
2565	0.5
2566	0.68
2567	0.54
2568	0.55
2569	0.88
2570	0.64
2571	0.58
2572	0.51
2573	0.78
2574	0.71
2575	0.66
2576	0.54
2577	0.62
2578	0.82
2579	0.8
2580	0.49
2581	0.72
2582	0.54
2583	0.73
2584	0.98
2585	0.61
2586	0.81
2587	0.78
2588	0.89
2589	0.47
2590	0.89
2591	0.61
2592	0.86
2593	0.66
2594	0.6
2595	0.58
2596	0.57
2597	0.69
2598	0.47
2599	0.52
2600	0.74
2601	0.47
2602	0.84
2603	0.45
2604	0.82
2605	0.97
2606	0.72
2607	0.89
2608	0.92
2609	0.51
2610	0.81
2611	0.6
2612	0.54
2613	0.77
2614	0.9
2615	0.9
2616	0.74
2617	0.69
2618	0.81
2619	0.85
2620	0.58
2621	0.78
2622	0.52
2623	0.95
2624	0.5
2625	0.73
2626	0.96
2627	0.62
2628	0.54
2629	0.93
2630	0.83
2631	0.87
2632	0.63
2633	0.88
2634	0.93
2635	0.5
2636	0.52
2637	0.88
2638	0.5
2639	0.92
2640	0.67
2641	0.61
2642	0.57
2643	0.98
2644	0.65
2645	0.99
2646	0.97
2647	0.96
2648	0.65
2649	0.98
2650	0.98
2651	0.59
2652	0.46
2653	0.57
2654	0.97
2655	0.93
2656	0.5
2657	0.58
2658	0.83
2659	0.47
2660	0.98
2661	0.94
2662	0.81
2663	0.81
2664	0.94
2665	0.87
2666	0.96
2667	0.66
2668	0.64
2669	0.47
2670	0.91
2671	0.54
2672	0.95
2673	0.77
2674	0.54
2675	0.85
2676	0.59
2677	0.55
2678	0.82
2679	0.71
2680	0.93
2681	0.56
2682	0.74
2683	0.81
2684	0.59
2685	0.74
2686	0.64
2687	0.92
2688	0.72
2689	0.71
2690	0.47
2691	0.82
2692	0.8
2693	0.83
2694	0.68
2695	0.61
2696	0.85
2697	0.53
2698	0.64
2699	0.65
2700	0.95
2701	0.74
2702	0.5
2703	0.69
2704	0.6
2705	0.98
2706	0.98
2707	0.71
2708	0.94
2709	0.56
2710	0.7
2711	0.92
2712	0.58
2713	0.7
2714	0.59
2715	0.68
2716	0.9
2717	0.91
2718	0.99
2719	0.75
2720	0.59
2721	0.55
2722	0.47
2723	0.65
2724	0.68
2725	0.58
2726	0.62
2727	0.75
2728	0.94
2729	0.58
2730	0.5
2731	0.64
2732	0.58
2733	0.66
2734	0.54
2735	0.81
2736	0.71
2737	0.98
2738	0.79
2739	0.62
2740	0.7
2741	0.8
2742	0.96
2743	0.86
2744	0.49
2745	0.85
2746	0.83
2747	0.45
2748	0.53
2749	0.96
2750	0.73
2751	0.74
2752	0.8
2753	0.55
2754	0.5
2755	0.94
2756	0.91
2757	0.66
2758	0.65
2759	0.72
2760	0.81
2761	0.89
2762	0.56
2763	0.85
2764	0.76
2765	0.93
2766	0.63
2767	0.86
2768	0.89
2769	0.52
2770	0.68
2771	0.69
2772	0.83
2773	0.49
2774	0.67
2775	0.88
2776	0.9
2777	0.8
2778	0.55
2779	0.59
2780	0.85
2781	0.83
2782	0.68
2783	0.89
2784	0.75
2785	0.5
2786	0.59
2787	0.84
2788	0.91
2789	0.89
2790	0.64
2791	0.81
2792	0.71
2793	0.97
2794	0.63
2795	0.72
2796	0.51
2797	0.58
2798	0.87
2799	0.92
2800	0.52
2801	0.62
2802	0.89
2803	0.45
2804	0.68
2805	0.96
2806	0.94
2807	0.85
2808	0.88
2809	0.56
2810	0.87
2811	0.49
2812	0.89
2813	0.48
2814	0.63
2815	0.57
2816	0.81
2817	0.93
2818	0.79
2819	0.46
2820	0.6
2821	0.92
2822	0.74
2823	0.59
2824	0.68
2825	0.68
2826	0.67
2827	0.83
2828	0.83
2829	0.79
2830	0.91
2831	0.83
2832	0.82
2833	0.6
2834	0.48
2835	0.63
2836	0.91
2837	0.97
2838	0.57
2839	0.48
2840	0.71
2841	0.94
2842	0.63
2843	0.53
2844	0.58
2845	0.47
2846	0.66
2847	0.8
2848	0.9
2849	0.86
2850	0.71
2851	0.93
2852	0.59
2853	0.62
2854	0.8
2855	0.64
2856	0.58
2857	0.63
2858	0.93
2859	0.76
2860	0.62
2861	0.76
2862	0.87
2863	0.72
2864	0.86
2865	0.83
2866	0.57
2867	0.76
2868	0.88
2869	0.59
2870	0.83
2871	0.94
2872	0.83
2873	0.69
2874	0.67
2875	0.81
2876	0.76
2877	0.89
2878	0.6
2879	0.63
2880	0.93
2881	0.83
2882	0.65
2883	0.64
2884	0.87
2885	0.81
2886	0.58
2887	0.57
2888	0.71
2889	0.85
2890	0.72
2891	0.51
2892	0.47
2893	0.53
2894	0.99
2895	0.79
2896	0.99
2897	0.72
2898	0.56
2899	0.9
2900	0.72
2901	0.58
2902	0.89
2903	0.59
2904	0.8
2905	0.92
2906	0.63
2907	0.87
2908	0.6
2909	0.47
2910	0.54
2911	0.65
2912	0.76
2913	0.5
2914	0.84
2915	0.82
2916	0.98
2917	0.46
2918	0.91
2919	0.6
2920	0.76
2921	0.8
2922	0.56
2923	0.92
2924	0.52
2925	0.68
2926	0.64
2927	0.75
2928	0.6
2929	0.74
2930	0.53
2931	0.87
2932	0.97
2933	0.94
2934	0.64
2935	0.73
2936	0.74
2937	0.91
2938	0.74
2939	0.48
2940	0.56
2941	0.6
2942	0.86
2943	0.93
2944	0.79
2945	0.46
2946	0.56
2947	0.94
2948	0.66
2949	0.78
2950	0.97
2951	0.53
2952	0.75
2953	0.72
2954	0.97
2955	0.98
2956	0.92
2957	0.59
2958	0.83
2959	0.5
2960	0.63
2961	0.61
2962	0.5
2963	0.82
2964	0.8
2965	0.87
2966	0.67
2967	0.9
2968	0.79
2969	0.59
2970	0.94
2971	0.95
2972	0.72
2973	0.8
2974	0.55
2975	0.76
2976	0.98
2977	0.73
2978	0.56
2979	0.93
2980	0.78
2981	0.58
2982	0.97
2983	0.77
2984	0.5
2985	0.92
2986	0.55
2987	0.65
2988	0.92
2989	0.79
2990	0.47
2991	0.67
2992	0.51
2993	0.74
2994	0.72
2995	0.71
2996	0.59
2997	0.71
2998	0.82
2999	0.88
3000	0.9
3001	0.54
3002	0.48
3003	0.98
3004	0.89
3005	0.97
3006	0.65
3007	0.88
3008	0.68
3009	0.6
3010	0.71
3011	0.78
3012	0.72
3013	0.82
3014	0.6
3015	0.82
3016	0.91
3017	0.67
3018	0.82
3019	0.6
3020	0.57
3021	0.55
3022	0.56
3023	0.56
3024	0.59
3025	0.48
3026	0.77
3027	0.78
3028	0.72
3029	0.8
3030	0.86
3031	0.85
3032	0.65
3033	0.92
3034	0.79
3035	0.75
3036	0.77
3037	0.63
3038	0.7
3039	0.8
3040	0.79
3041	0.85
3042	0.79
3043	0.63
3044	0.66
3045	0.89
3046	0.87
3047	0.95
3048	0.99
3049	0.79
3050	0.71
3051	0.62
3052	0.53
3053	0.77
3054	0.96
3055	0.5
3056	0.72
3057	0.99
3058	0.48
3059	0.65
3060	0.96
3061	0.85
3062	0.94
3063	0.94
3064	0.6
3065	0.48
3066	0.65
3067	0.58
3068	0.87
3069	0.97
3070	0.94
3071	0.76
3072	0.46
3073	0.51
3074	0.67
3075	0.52
3076	0.85
3077	0.94
3078	0.45
3079	0.85
3080	0.83
3081	0.79
3082	0.94
3083	0.74
3084	0.57
3085	0.78
3086	0.99
3087	0.92
3088	0.8
3089	0.6
3090	0.97
3091	0.84
3092	0.77
3093	0.72
3094	0.5
3095	0.72
3096	0.49
3097	0.58
3098	0.64
3099	0.78
3100	0.57
3101	0.85
3102	0.51
3103	0.67
3104	0.8
3105	0.47
3106	0.66
3107	0.61
3108	0.83
3109	0.68
3110	0.69
3111	0.77
3112	0.62
3113	0.79
3114	0.63
3115	0.75
3116	0.64
3117	0.73
3118	0.86
3119	0.75
3120	0.75
3121	0.52
3122	0.62
3123	0.53
3124	0.77
3125	0.45
3126	0.55
3127	0.75
3128	0.51
3129	0.85
3130	0.81
3131	0.49
3132	0.8
3133	0.65
3134	0.67
3135	0.5
3136	0.92
3137	0.97
3138	0.57
3139	0.88
3140	0.5
3141	0.72
3142	0.99
3143	0.75
3144	0.84
3145	0.73
3146	0.87
3147	0.51
3148	0.7
3149	0.81
3150	0.46
3151	0.56
3152	0.62
3153	0.54
3154	0.66
3155	0.52
3156	0.75
3157	0.95
3158	0.9
3159	0.52
3160	0.92
3161	0.57
3162	0.72
3163	0.53
3164	0.97
3165	0.55
3166	0.85
3167	0.52
3168	0.47
3169	0.71
3170	0.97
3171	0.62
3172	0.63
3173	0.74
3174	0.72
3175	0.52
3176	0.98
3177	0.64
3178	0.56
3179	0.55
3180	0.7
3181	0.89
3182	0.52
3183	0.98
3184	0.48
3185	0.5
3186	0.89
3187	0.78
3188	0.89
3189	0.59
3190	0.64
3191	0.45
3192	0.61
3193	0.62
3194	0.51
3195	0.81
3196	0.61
3197	0.45
3198	0.76
3199	0.86
3200	0.99
3201	0.75
3202	0.73
3203	0.89
3204	0.79
3205	0.62
3206	0.49
3207	0.75
3208	0.51
3209	0.59
3210	0.98
3211	0.7
3212	0.56
3213	0.63
3214	0.5
3215	0.76
3216	0.97
3217	0.51
3218	0.65
3219	0.95
3220	0.63
3221	0.8
3222	0.53
3223	0.99
3224	0.7
3225	0.61
3226	0.88
3227	0.55
3228	0.48
3229	0.61
3230	0.89
3231	0.48
3232	0.82
3233	0.82
3234	0.76
3235	0.76
3236	0.85
3237	0.7
3238	0.46
3239	0.98
3240	0.96
3241	0.85
3242	0.69
3243	0.55
3244	0.6
3245	0.72
3246	0.92
3247	0.92
3248	0.9
3249	0.62
3250	0.57
3251	0.47
3252	0.55
3253	0.92
3254	0.58
3255	0.64
3256	0.59
3257	0.6
3258	0.52
3259	0.92
3260	0.79
3261	0.53
3262	0.8
3263	0.82
3264	0.9
3265	0.84
3266	0.94
3267	0.69
3268	0.86
3269	0.47
3270	0.8
3271	0.65
3272	0.65
3273	0.58
3274	0.83
3275	0.55
3276	0.47
3277	0.95
3278	0.78
3279	0.94
3280	0.97
3281	0.48
3282	0.59
3283	0.85
3284	0.81
3285	0.62
3286	0.64
3287	0.7
3288	0.5
3289	0.76
3290	0.65
3291	0.53
3292	0.49
3293	0.73
3294	0.92
3295	0.66
3296	0.92
3297	0.84
3298	0.54
3299	0.76
3300	0.86
3301	0.48
3302	0.88
3303	0.88
3304	0.53
3305	0.58
3306	0.49
3307	0.81
3308	0.65
3309	0.81
3310	0.53
3311	0.77
3312	0.49
3313	0.92
3314	0.79
3315	0.74
3316	0.91
3317	0.87
3318	0.85
3319	0.65
3320	0.92
3321	0.57
3322	0.46
3323	0.58
3324	0.83
3325	0.67
3326	0.57
3327	0.93
3328	0.71
3329	0.7
3330	0.86
3331	0.48
3332	0.71
3333	0.96
3334	0.46
3335	0.7
3336	0.9
3337	0.89
3338	0.94
3339	0.75
3340	0.77
3341	0.95
3342	0.83
3343	0.49
3344	0.59
3345	0.78
3346	0.92
3347	0.81
3348	0.66
3349	0.85
3350	0.79
3351	0.98
3352	0.5
3353	0.92
3354	0.83
3355	0.63
3356	0.68
3357	0.85
3358	0.76
3359	0.91
3360	0.49
3361	0.67
3362	0.48
3363	0.67
3364	0.45
3365	0.88
3366	0.95
3367	0.82
3368	0.84
3369	0.57
3370	0.54
3371	0.93
3372	0.45
3373	0.84
3374	0.75
3375	0.68
3376	0.66
3377	0.6
3378	0.96
3379	0.52
3380	0.49
3381	0.71
3382	0.6
3383	0.84
3384	0.84
3385	0.69
3386	0.52
3387	0.71
3388	0.86
3389	0.89
3390	0.54
3391	0.75
3392	0.74
3393	0.86
3394	0.5
3395	0.85
3396	0.68
3397	0.55
3398	0.72
3399	0.56
3400	0.59
3401	0.74
3402	0.94
3403	0.46
3404	0.46
3405	0.57
3406	0.62
3407	0.5
3408	0.96
3409	0.66
3410	0.73
3411	0.5
3412	0.83
3413	0.83
3414	0.83
3415	0.96
3416	0.48
3417	0.61
3418	0.54
3419	0.94
3420	0.47
3421	0.85
3422	0.93
3423	0.63
3424	0.77
3425	0.62
3426	0.7
3427	0.97
3428	0.98
3429	0.83
3430	0.51
3431	0.84
3432	0.85
3433	0.68
3434	0.47
3435	0.97
3436	0.77
3437	0.69
3438	0.86
3439	0.93
3440	0.88
3441	0.8
3442	0.99
3443	0.81
3444	0.9
3445	0.89
3446	0.68
3447	0.75
3448	0.96
3449	0.83
3450	0.7
3451	0.49
3452	0.8
3453	0.76
3454	0.6
3455	0.54
3456	0.94
3457	0.65
3458	0.45
3459	0.96
3460	0.46
3461	0.72
3462	0.73
3463	0.59
3464	0.85
3465	0.56
3466	0.78
3467	0.84
3468	0.67
3469	0.63
3470	0.94
3471	0.83
3472	0.65
3473	0.59
3474	0.79
3475	0.6
3476	0.89
3477	0.99
3478	0.97
3479	0.47
3480	0.67
3481	0.94
3482	0.53
3483	0.64
3484	0.81
3485	0.56
3486	0.6
3487	0.51
3488	0.64
3489	0.79
3490	0.97
3491	0.82
3492	0.69
3493	0.65
3494	0.5
3495	0.61
3496	0.5
3497	0.96
3498	0.95
3499	0.45
3500	0.89
3501	0.55
3502	0.83
3503	0.65
3504	0.5
3505	0.98
3506	0.51
3507	0.57
3508	0.47
3509	0.7
3510	0.99
3511	0.62
3512	0.63
3513	0.9
3514	0.8
3515	0.54
3516	0.9
3517	0.47
3518	0.51
3519	0.69
3520	0.86
3521	0.66
3522	0.9
3523	0.81
3524	0.75
3525	0.9
3526	0.95
3527	0.58
3528	0.88
3529	0.56
3530	0.83
3531	0.84
3532	0.58
3533	0.66
3534	0.66
3535	0.5
3536	0.58
3537	0.99
3538	0.45
3539	0.76
3540	0.76
3541	0.95
3542	0.54
3543	0.92
3544	0.67
3545	0.99
3546	0.55
3547	0.64
3548	0.58
3549	0.95
3550	0.99
3551	0.75
3552	0.73
3553	0.49
3554	0.46
3555	0.89
3556	0.87
3557	0.99
3558	0.82
3559	0.6
3560	0.58
3561	0.97
3562	0.72
3563	0.49
3564	0.61
3565	0.74
3566	0.53
3567	0.92
3568	0.97
3569	0.46
3570	0.78
3571	0.7
3572	0.77
3573	0.53
3574	0.66
3575	0.46
3576	0.84
3577	0.91
3578	0.62
3579	0.47
3580	0.52
3581	0.6
3582	0.73
3583	0.95
3584	0.57
3585	0.71
3586	0.55
3587	0.58
3588	0.82
3589	0.65
3590	0.9
3591	0.66
3592	0.63
3593	0.55
3594	0.85
3595	0.81
3596	0.64
3597	0.94
3598	0.82
3599	0.8
3600	0.88
3601	0.66
3602	0.5
3603	0.71
3604	0.7
3605	0.94
3606	0.48
3607	0.81
3608	0.73
3609	0.5
3610	0.56
3611	0.8
3612	0.9
3613	0.94
3614	0.91
3615	0.69
3616	0.68
3617	0.71
3618	0.65
3619	0.65
3620	0.71
3621	0.99
3622	0.69
3623	0.55
3624	0.81
3625	0.5
3626	0.99
3627	0.67
3628	0.46
3629	0.84
3630	0.95
3631	0.48
3632	0.63
3633	0.48
3634	0.82
3635	0.68
3636	0.92
3637	0.88
3638	0.69
3639	0.77
3640	0.57
3641	0.57
3642	0.71
3643	0.75
3644	0.9
3645	0.51
3646	0.78
3647	0.62
3648	0.57
3649	0.79
3650	0.85
3651	0.82
3652	0.49
3653	0.68
3654	0.9
3655	0.47
3656	0.59
3657	0.56
3658	0.59
3659	0.6
3660	0.99
3661	0.97
3662	0.86
3663	0.95
3664	0.53
3665	0.8
3666	0.69
3667	0.78
3668	0.65
3669	0.58
3670	0.57
3671	0.82
3672	0.85
3673	0.52
3674	0.85
3675	0.75
3676	0.48
3677	0.89
3678	0.94
3679	0.87
3680	0.8
3681	0.73
3682	0.89
3683	0.82
3684	0.86
3685	0.46
3686	0.62
3687	0.69
3688	0.49
3689	0.61
3690	0.92
3691	0.8
3692	0.53
3693	0.86
3694	0.96
3695	0.84
3696	0.66
3697	0.77
3698	0.78
3699	0.73
3700	0.82
3701	0.62
3702	0.67
3703	0.92
3704	0.98
3705	0.83
3706	0.46
3707	0.98
3708	0.48
3709	0.71
3710	0.47
3711	0.81
3712	0.47
3713	0.57
3714	0.58
3715	0.75
3716	0.7
3717	0.47
3718	0.62
3719	0.8
3720	0.71
3721	0.5
3722	0.95
3723	0.54
3724	0.74
3725	0.71
3726	0.78
3727	0.48
3728	0.82
3729	0.86
3730	0.88
3731	0.78
3732	0.74
3733	0.48
3734	0.98
3735	0.63
3736	0.77
3737	0.51
3738	0.79
3739	0.73
3740	0.89
3741	0.77
3742	0.96
3743	0.79
3744	0.83
3745	0.66
3746	0.46
3747	0.98
3748	0.77
3749	0.5
3750	0.67
3751	0.95
3752	0.81
3753	0.8
3754	0.67
3755	0.72
3756	0.73
3757	0.45
3758	0.82
3759	0.6
3760	0.93
3761	0.75
3762	0.49
3763	0.65
3764	0.49
3765	0.78
3766	0.72
3767	0.69
3768	0.67
3769	0.47
3770	0.66
3771	0.78
3772	0.75
3773	0.66
3774	0.52
3775	0.58
3776	0.73
3777	0.64
3778	0.6
3779	0.97
3780	0.67
3781	0.83
3782	0.83
3783	0.57
3784	0.61
3785	0.87
3786	0.93
3787	0.89
3788	0.69
3789	0.7
3790	0.47
3791	0.58
3792	0.79
3793	0.62
3794	0.62
3795	0.77
3796	0.57
3797	0.96
3798	0.49
3799	0.58
3800	0.63
3801	0.88
3802	0.52
3803	0.79
3804	0.66
3805	0.85
3806	0.86
3807	0.51
3808	0.77
3809	0.62
3810	0.53
3811	0.52
3812	0.66
3813	0.65
3814	0.93
3815	0.52
3816	0.54
3817	0.49
3818	0.97
3819	0.84
3820	0.49
3821	0.92
3822	0.61
3823	0.68
3824	0.65
3825	0.73
3826	0.75
3827	0.89
3828	0.98
3829	0.95
3830	0.45
3831	0.9
3832	0.99
3833	0.96
3834	0.45
3835	0.73
3836	0.53
3837	0.94
3838	0.6
3839	0.82
3840	0.58
3841	0.66
3842	0.72
3843	0.9
3844	0.71
3845	0.59
3846	0.49
3847	0.6
3848	0.85
3849	0.65
3850	0.51
3851	0.51
3852	0.46
3853	0.61
3854	0.77
3855	0.92
3856	0.94
3857	0.55
3858	0.68
3859	0.91
3860	0.51
3861	0.84
3862	0.91
3863	0.74
3864	0.46
3865	0.76
3866	0.58
3867	0.81
3868	0.52
3869	0.91
3870	0.68
3871	0.61
3872	0.53
3873	0.66
3874	0.98
3875	0.61
3876	0.54
3877	0.56
3878	0.97
3879	0.69
3880	0.64
3881	0.46
3882	0.69
3883	0.74
3884	0.55
3885	0.93
3886	0.77
3887	0.87
3888	0.86
3889	0.65
3890	0.81
3891	0.98
3892	0.91
3893	0.68
3894	0.71
3895	0.51
3896	0.79
3897	0.75
3898	0.61
3899	0.45
3900	0.57
3901	0.76
3902	0.52
3903	0.76
3904	0.6
3905	0.62
3906	0.6
3907	0.49
3908	0.91
3909	0.87
3910	0.99
3911	0.47
3912	0.91
3913	0.81
3914	0.65
3915	0.54
3916	0.61
3917	0.85
3918	0.45
3919	0.49
3920	0.48
3921	0.77
3922	0.5
3923	0.65
3924	0.71
3925	0.57
3926	0.92
3927	0.86
3928	0.71
3929	0.66
3930	0.51
3931	0.6
3932	0.77
3933	0.45
3934	0.92
3935	0.56
3936	0.78
3937	0.65
3938	0.92
3939	0.95
3940	0.61
3941	0.89
3942	0.62
3943	0.89
3944	0.85
3945	0.82
3946	0.8
3947	0.66
3948	0.58
3949	0.78
3950	0.9
3951	0.54
3952	0.97
3953	0.5
3954	0.69
3955	0.73
3956	0.71
3957	0.83
3958	0.65
3959	0.76
3960	0.76
3961	0.9
3962	0.46
3963	0.81
3964	0.66
3965	0.63
3966	0.46
3967	0.81
3968	0.86
3969	0.71
3970	0.62
3971	0.65
3972	0.89
3973	0.66
3974	0.7
3975	0.72
3976	0.95
3977	0.91
3978	0.63
3979	0.86
3980	0.77
3981	0.96
3982	0.94
3983	0.86
3984	0.88
3985	0.73
3986	0.55
3987	0.88
3988	0.45
3989	0.71
3990	0.45
3991	0.88
3992	0.56
3993	0.8
3994	0.57
3995	0.64
3996	0.61
3997	0.96
3998	0.46
3999	0.58
4000	0.96
4001	0.61
4002	0.54
4003	0.84
4004	0.66
4005	0.66
4006	0.5
4007	0.57
4008	0.89
4009	0.74
4010	0.5
4011	0.53
4012	0.62
4013	0.79
4014	0.46
4015	0.52
4016	0.65
4017	0.53
4018	0.65
4019	0.7
4020	0.79
4021	0.67
4022	0.99
4023	0.92
4024	0.76
4025	0.58
4026	0.59
4027	0.87
4028	0.55
4029	0.52
4030	0.64
4031	0.53
4032	0.61
4033	0.73
4034	0.66
4035	0.72
4036	0.6
4037	0.6
4038	0.63
4039	0.93
4040	0.77
4041	0.74
4042	0.52
4043	0.56
4044	0.99
4045	0.98
4046	0.95
4047	0.55
4048	0.63
4049	0.65
4050	0.91
4051	0.47
4052	0.98
4053	0.56
4054	0.7
4055	0.64
4056	0.57
4057	0.55
4058	0.93
4059	0.98
4060	0.55
4061	0.93
4062	0.81
4063	0.61
4064	0.9
4065	0.76
4066	0.46
4067	0.57
4068	0.75
4069	0.53
4070	0.72
4071	0.91
4072	0.47
4073	0.91
4074	0.58
4075	0.79
4076	0.7
4077	0.85
4078	0.75
4079	0.69
4080	0.47
4081	0.48
4082	0.89
4083	0.56
4084	0.67
4085	0.62
4086	0.89
4087	0.67
4088	0.48
4089	0.95
4090	0.79
4091	0.89
4092	0.84
4093	0.86
4094	0.62
4095	0.55
4096	0.98
4097	0.79
4098	0.61
4099	0.92
4100	0.54
4101	0.67
4102	0.83
4103	0.68
4104	0.85
4105	0.48
4106	0.54
4107	0.68
4108	0.48
4109	0.87
4110	0.53
4111	0.91
4112	0.64
4113	0.87
4114	0.68
4115	0.79
4116	0.71
4117	0.74
4118	0.86
4119	0.67
4120	0.91
4121	0.53
4122	0.83
4123	0.84
4124	0.86
4125	0.71
4126	0.82
4127	0.72
4128	0.87
4129	0.95
4130	0.47
4131	0.88
4132	0.79
4133	0.74
4134	0.5
4135	0.9
4136	0.45
4137	0.86
4138	0.64
4139	0.85
4140	0.47
4141	0.94
4142	0.71
4143	0.8
4144	0.62
4145	0.9
4146	0.73
4147	0.9
4148	0.99
4149	0.91
4150	0.78
4151	0.79
4152	0.99
4153	0.79
4154	0.7
4155	0.79
4156	0.55
4157	0.55
4158	0.95
4159	0.86
4160	0.8
4161	0.54
4162	0.77
4163	0.64
4164	0.83
4165	0.96
4166	0.55
4167	0.84
4168	0.72
4169	0.83
4170	0.46
4171	0.82
4172	0.55
4173	0.84
4174	0.79
4175	0.94
4176	0.9
4177	0.74
4178	0.73
4179	0.84
4180	0.81
4181	0.5
4182	0.53
4183	0.53
4184	0.98
4185	0.98
4186	0.45
4187	0.76
4188	0.5
4189	0.59
4190	0.54
4191	0.92
4192	0.56
4193	0.94
4194	0.63
4195	0.84
4196	0.69
4197	0.82
4198	0.62
4199	0.99
4200	0.74
4201	0.74
4202	0.47
4203	0.94
4204	0.85
4205	0.66
4206	0.48
4207	0.46
4208	0.9
4209	0.76
4210	0.89
4211	0.47
4212	0.82
4213	0.82
4214	0.47
4215	0.69
4216	0.85
4217	0.85
4218	0.85
4219	0.91
4220	0.81
4221	0.49
4222	0.47
4223	0.91
4224	0.8
4225	0.58
4226	0.45
4227	0.74
4228	0.49
4229	0.96
4230	0.84
4231	0.77
4232	0.45
4233	0.93
4234	0.88
4235	0.78
4236	0.92
4237	0.47
4238	0.48
4239	0.51
4240	0.66
4241	0.96
4242	0.9
4243	0.52
4244	0.55
4245	0.77
4246	0.79
4247	0.45
4248	0.54
4249	0.89
4250	0.5
4251	0.85
4252	0.65
4253	0.54
4254	0.65
4255	0.64
4256	0.63
4257	0.62
4258	0.62
4259	0.69
4260	0.59
4261	0.91
4262	0.66
4263	0.75
4264	0.84
4265	0.71
4266	0.78
4267	0.89
4268	0.7
4269	0.49
4270	0.79
4271	0.99
4272	0.53
4273	0.85
4274	0.7
4275	0.45
4276	0.96
4277	0.92
4278	0.69
4279	0.86
4280	0.76
4281	0.96
4282	0.58
4283	0.75
4284	0.97
4285	0.8
4286	0.53
4287	0.99
4288	0.84
4289	0.57
4290	0.56
4291	0.97
4292	0.53
4293	0.63
4294	0.67
4295	0.82
4296	0.55
4297	0.96
4298	0.96
4299	0.49
4300	0.88
4301	0.48
4302	0.47
4303	0.95
4304	0.81
4305	0.92
4306	0.95
4307	0.7
4308	0.95
4309	0.54
4310	0.93
4311	0.94
4312	0.47
4313	0.63
4314	0.76
4315	0.67
4316	0.84
4317	0.92
4318	0.59
4319	0.67
4320	0.81
4321	0.61
4322	0.69
4323	0.92
4324	0.75
4325	0.87
4326	0.68
4327	0.86
4328	0.97
4329	0.46
4330	0.51
4331	0.72
4332	0.53
4333	0.98
4334	0.48
4335	0.57
4336	0.5
4337	0.61
4338	0.99
4339	0.81
4340	0.88
4341	0.65
4342	0.61
4343	0.86
4344	0.52
4345	0.51
4346	0.51
4347	0.8
4348	0.87
4349	0.96
4350	0.59
4351	0.99
4352	0.67
4353	0.89
4354	0.79
4355	0.61
4356	0.59
4357	0.73
4358	0.66
4359	0.75
4360	0.84
4361	0.8
4362	0.74
4363	0.54
4364	0.92
4365	0.49
4366	0.87
4367	0.87
4368	0.69
4369	0.77
4370	0.9
4371	0.84
4372	0.87
4373	0.7
4374	0.49
4375	0.81
4376	0.73
4377	0.98
4378	0.94
4379	0.53
4380	0.78
4381	0.45
4382	0.81
4383	0.84
4384	0.81
4385	0.84
4386	0.47
4387	0.87
4388	0.97
4389	0.46
4390	0.51
4391	0.72
4392	0.57
4393	0.5
4394	0.48
4395	0.59
4396	0.75
4397	0.46
4398	0.63
4399	0.73
4400	0.62
4401	0.52
4402	0.49
4403	0.7
4404	0.63
4405	0.65
4406	0.76
4407	0.56
4408	0.48
4409	0.81
4410	0.55
4411	0.7
4412	0.69
4413	0.91
4414	0.56
4415	0.87
4416	0.86
4417	0.67
4418	0.61
4419	0.66
4420	0.64
4421	0.46
4422	0.96
4423	0.89
4424	0.75
4425	0.72
4426	0.98
4427	0.7
4428	0.84
4429	0.93
4430	0.8
4431	0.81
4432	0.52
4433	0.68
4434	0.68
4435	0.55
4436	0.91
4437	0.52
4438	0.74
4439	0.5
4440	0.8
4441	0.97
4442	0.77
4443	0.53
4444	0.65
4445	0.69
4446	0.88
4447	0.62
4448	0.87
4449	0.55
4450	0.96
4451	0.47
4452	0.62
4453	0.82
4454	0.79
4455	0.94
4456	0.6
4457	0.6
4458	0.59
4459	0.64
4460	0.87
4461	0.63
4462	0.53
4463	0.99
4464	0.68
4465	0.68
4466	0.5
4467	0.54
4468	0.47
4469	0.63
4470	0.86
4471	0.76
4472	0.63
4473	0.89
4474	0.89
4475	0.71
4476	0.46
4477	0.87
4478	0.75
4479	0.8
4480	0.91
4481	0.92
4482	0.64
4483	0.45
4484	0.48
4485	0.52
4486	0.66
4487	0.74
4488	0.68
4489	0.63
4490	0.75
4491	0.74
4492	0.5
4493	0.75
4494	0.77
4495	0.78
4496	0.97
4497	0.47
4498	0.8
4499	0.68
4500	0.98
4501	0.98
4502	0.46
4503	0.54
4504	0.87
4505	0.89
4506	0.57
4507	0.91
4508	0.8
4509	0.82
4510	0.51
4511	0.54
4512	0.59
4513	0.93
4514	0.7
4515	0.67
4516	0.85
4517	0.79
4518	0.73
4519	0.92
4520	0.69
4521	0.85
4522	0.89
4523	0.55
4524	0.88
4525	0.83
4526	0.45
4527	0.46
4528	0.7
4529	0.59
4530	0.84
4531	0.58
4532	0.49
4533	0.52
4534	0.99
4535	0.63
4536	0.96
4537	0.78
4538	0.9
4539	0.66
4540	0.92
4541	0.52
4542	0.83
4543	0.94
4544	0.92
4545	0.99
4546	0.61
4547	0.62
4548	0.74
4549	0.85
4550	0.6
4551	0.88
4552	0.89
4553	0.77
4554	0.8
4555	0.91
4556	0.85
4557	0.98
4558	0.82
4559	0.46
4560	0.73
4561	0.51
4562	0.79
4563	0.79
4564	0.74
4565	0.67
4566	0.86
4567	0.71
4568	0.84
4569	0.48
4570	0.59
4571	0.46
4572	0.49
4573	0.81
4574	0.87
4575	0.71
4576	0.48
4577	0.62
4578	0.96
4579	0.52
4580	0.9
4581	0.49
4582	0.77
4583	0.99
4584	0.72
4585	0.63
4586	0.64
4587	0.74
4588	0.47
4589	0.62
4590	0.46
4591	0.9
4592	0.53
4593	0.7
4594	0.74
4595	0.45
4596	0.87
4597	0.46
4598	0.58
4599	0.65
4600	0.92
4601	0.5
4602	0.84
4603	0.86
4604	0.53
4605	0.59
4606	0.64
4607	0.5
4608	0.81
4609	0.69
4610	0.71
4611	0.55
4612	0.64
4613	0.6
4614	0.78
4615	0.85
4616	0.48
4617	0.53
4618	0.85
4619	0.76
4620	0.98
4621	0.88
4622	0.54
4623	0.91
4624	0.85
4625	0.47
4626	0.78
4627	0.63
4628	0.8
4629	0.53
4630	0.49
4631	0.83
4632	0.54
4633	0.47
4634	0.89
4635	0.87
4636	0.59
4637	0.72
4638	0.64
4639	0.55
4640	0.93
4641	0.65
4642	0.89
4643	0.58
4644	0.91
4645	0.6
4646	0.9
4647	0.71
4648	0.86
4649	0.68
4650	0.75
4651	0.6
4652	0.61
4653	0.96
4654	0.79
4655	0.84
4656	0.94
4657	0.57
4658	0.85
4659	0.45
4660	0.81
4661	0.89
4662	0.52
4663	0.55
4664	0.52
4665	0.78
4666	0.48
4667	0.47
4668	0.65
4669	0.7
4670	0.82
4671	0.52
4672	0.52
4673	0.96
4674	0.54
4675	0.45
4676	0.59
4677	0.51
4678	0.63
4679	0.49
4680	0.5
4681	0.56
4682	0.8
4683	0.9
4684	0.56
4685	0.57
4686	0.84
4687	0.67
4688	0.73
4689	0.76
4690	0.52
4691	0.61
4692	0.73
4693	0.77
4694	0.8
4695	0.93
4696	0.56
4697	0.72
4698	0.88
4699	0.52
4700	0.99
4701	0.59
4702	0.69
4703	0.46
4704	0.61
4705	0.86
4706	0.7
4707	0.45
4708	0.49
4709	0.63
4710	0.45
4711	0.59
4712	0.83
4713	0.79
4714	0.45
4715	0.45
4716	0.83
4717	0.5
4718	0.91
4719	0.83
4720	0.77
4721	0.83
4722	0.51
4723	0.46
4724	0.76
4725	0.63
4726	0.92
4727	0.69
4728	0.68
4729	0.95
4730	0.86
4731	0.94
4732	0.78
4733	0.95
4734	0.94
4735	0.59
4736	0.95
4737	0.45
4738	0.97
4739	0.82
4740	0.52
4741	0.91
4742	0.7
4743	0.95
4744	0.73
4745	0.61
4746	0.78
4747	0.89
4748	0.95
4749	0.67
4750	0.46
4751	0.63
4752	0.47
4753	0.88
4754	0.9
4755	0.53
4756	0.95
4757	0.92
4758	0.94
4759	0.6
4760	0.73
4761	0.81
4762	0.63
4763	0.56
4764	0.63
4765	0.51
4766	0.55
4767	0.48
4768	0.77
4769	0.67
4770	0.46
4771	0.66
4772	0.91
4773	0.79
4774	0.89
4775	0.84
4776	0.86
4777	0.61
4778	0.58
4779	0.85
4780	0.95
4781	0.5
4782	0.79
4783	0.78
4784	0.7
4785	0.49
4786	0.79
4787	0.51
4788	0.64
4789	0.83
4790	0.73
4791	0.95
4792	0.74
4793	0.89
4794	0.7
4795	0.97
4796	0.99
4797	0.62
4798	0.84
4799	0.62
4800	0.82
4801	0.52
4802	0.8
4803	0.68
4804	0.89
4805	0.53
4806	0.84
4807	0.53
4808	0.89
4809	0.94
4810	0.91
4811	0.99
4812	0.76
4813	0.99
4814	0.47
4815	0.59
4816	0.94
4817	0.54
4818	0.91
4819	0.51
4820	0.82
4821	0.98
4822	0.55
4823	0.82
4824	0.54
4825	0.8
4826	0.83
4827	0.86
4828	0.91
4829	0.83
4830	0.51
4831	0.73
4832	0.85
4833	0.62
4834	0.51
4835	0.45
4836	0.6
4837	0.98
4838	0.7
4839	0.87
4840	0.75
4841	0.72
4842	0.5
4843	0.57
4844	0.7
4845	0.5
4846	0.82
4847	0.49
4848	0.65
4849	0.89
4850	0.7
4851	0.68
4852	0.74
4853	0.96
4854	0.79
4855	0.73
4856	0.7
4857	0.61
4858	0.47
4859	0.87
4860	0.49
4861	0.91
4862	0.62
4863	0.9
4864	0.73
4865	0.96
4866	0.91
4867	0.45
4868	0.84
4869	0.64
4870	0.82
4871	0.55
4872	0.76
4873	0.99
4874	0.97
4875	0.69
4876	0.51
4877	0.93
4878	0.53
4879	0.51
4880	0.65
4881	0.45
4882	0.89
4883	0.45
4884	0.92
4885	0.72
4886	0.51
4887	0.84
4888	0.54
4889	0.72
4890	0.68
4891	0.9
4892	0.91
4893	0.75
4894	0.67
4895	0.7
4896	0.54
4897	0.94
4898	0.64
4899	0.92
4900	0.98
4901	0.48
4902	0.56
4903	0.49
4904	0.99
4905	0.95
4906	0.82
4907	0.78
4908	0.96
4909	0.58
4910	0.7
4911	0.6
4912	0.67
4913	0.83
4914	0.63
4915	0.97
4916	0.84
4917	0.61
4918	0.65
4919	0.85
4920	0.57
4921	0.64
4922	0.97
4923	0.73
4924	0.57
4925	0.55
4926	0.6
4927	0.52
4928	0.64
4929	0.98
4930	0.85
4931	0.45
4932	0.61
4933	0.82
4934	0.55
4935	0.81
4936	0.74
4937	0.96
4938	0.53
4939	0.51
4940	0.56
4941	0.93
4942	0.53
4943	0.5
4944	0.47
4945	0.5
4946	0.77
4947	0.91
4948	0.59
4949	0.96
4950	0.79
4951	0.96
4952	0.47
4953	0.61
4954	0.56
4955	0.54
4956	0.71
4957	0.52
4958	0.65
4959	0.59
4960	0.74
4961	0.96
4962	0.7
4963	0.6
4964	0.46
4965	0.63
4966	0.76
4967	0.57
4968	0.64
4969	0.97
4970	0.74
4971	0.76
4972	0.62
4973	0.91
4974	0.7
4975	0.86
4976	0.63
4977	0.73
4978	0.46
4979	0.65
4980	0.97
4981	0.91
4982	0.9
4983	0.55
4984	0.87
4985	0.7
4986	0.46
4987	0.64
4988	0.61
4989	0.71
4990	0.58
4991	0.84
4992	0.8
4993	0.51
4994	0.74
4995	0.76
4996	0.46
4997	0.79
4998	0.95
4999	0.71
5000	0.7
5001	0.72
5002	0.72
5003	0.67
5004	0.89
5005	0.83
5006	0.79
5007	0.47
5008	0.52
5009	0.6
5010	0.71
5011	0.98
5012	0.73
5013	0.6
5014	0.51
5015	0.77
5016	0.56
5017	0.96
5018	0.66
5019	0.53
5020	0.9
5021	0.63
5022	0.87
5023	0.74
5024	0.6
5025	0.92
5026	0.8
5027	0.95
5028	0.89
5029	0.93
5030	0.99
5031	0.9
5032	0.84
5033	0.72
5034	0.77
5035	0.66
5036	0.49
5037	0.84
5038	0.7
5039	0.52
5040	0.55
5041	0.79
5042	0.54
5043	0.74
5044	0.79
5045	0.73
5046	0.83
5047	0.6
5048	0.61
5049	0.97
5050	0.96
5051	0.58
5052	0.88
5053	0.82
5054	0.98
5055	0.82
5056	0.76
5057	0.52
5058	0.69
5059	0.53
5060	0.67
5061	0.68
5062	0.79
5063	0.86
5064	0.73
5065	0.49
5066	0.65
5067	0.75
5068	0.72
5069	0.64
5070	0.52
5071	0.95
5072	0.99
5073	0.54
5074	0.84
5075	0.73
5076	0.52
5077	0.61
5078	0.46
5079	0.92
5080	0.83
5081	0.98
5082	0.84
5083	0.64
5084	0.45
5085	0.49
5086	0.47
5087	0.73
5088	0.78
5089	0.81
5090	0.6
5091	0.78
5092	0.61
5093	0.78
5094	0.83
5095	0.92
5096	0.81
5097	0.89
5098	0.67
5099	0.96
5100	0.67
5101	0.96
5102	0.96
5103	0.94
5104	0.51
5105	0.96
5106	0.57
5107	0.76
5108	0.77
5109	0.84
5110	0.74
5111	0.94
5112	0.67
5113	0.83
5114	0.55
5115	0.47
5116	0.79
5117	0.74
5118	0.82
5119	0.82
5120	0.74
5121	0.96
5122	0.48
5123	0.82
5124	0.77
5125	0.65
5126	0.5
5127	0.51
5128	0.58
5129	0.71
5130	0.76
5131	0.88
5132	0.71
5133	0.92
5134	0.99
5135	0.57
5136	0.58
5137	0.88
5138	0.72
5139	0.71
5140	0.92
5141	0.85
5142	0.58
5143	0.71
5144	0.72
5145	0.98
5146	0.61
5147	0.77
5148	0.84
5149	0.61
5150	0.56
5151	0.5
5152	0.89
5153	0.86
5154	0.98
5155	0.64
5156	0.85
5157	0.45
5158	0.73
5159	0.8
5160	0.51
5161	0.66
5162	0.71
5163	0.98
5164	0.87
5165	0.91
5166	0.8
5167	0.99
5168	0.56
5169	0.47
5170	0.69
5171	0.53
5172	0.94
5173	0.92
5174	0.87
5175	0.93
5176	0.57
5177	0.5
5178	0.78
5179	0.71
5180	0.59
5181	0.62
5182	0.98
5183	0.61
5184	0.7
5185	0.69
5186	0.61
5187	0.7
5188	0.71
5189	0.96
5190	0.47
5191	0.97
5192	0.91
5193	0.67
5194	0.71
5195	0.46
5196	0.66
5197	0.99
5198	0.9
5199	0.54
5200	0.81
5201	0.69
5202	0.46
5203	0.89
5204	0.55
5205	0.81
5206	0.54
5207	0.82
5208	0.66
5209	0.73
5210	0.51
5211	0.53
5212	0.57
5213	0.62
5214	0.79
5215	0.95
5216	0.93
5217	0.6
5218	0.75
5219	0.65
5220	0.65
5221	0.95
5222	0.49
5223	0.57
5224	0.47
5225	0.84
5226	0.84
5227	0.5
5228	0.83
5229	0.69
5230	0.81
5231	0.65
5232	0.63
5233	0.88
5234	0.68
5235	0.76
5236	0.55
5237	0.89
5238	0.53
5239	0.83
5240	0.97
5241	0.58
5242	0.97
5243	0.73
5244	0.96
5245	0.89
5246	0.6
5247	0.77
5248	0.83
5249	0.98
5250	0.85
5251	0.47
5252	0.93
5253	0.78
5254	0.99
5255	0.87
5256	0.74
5257	0.99
5258	0.92
5259	0.62
5260	0.67
5261	0.95
5262	0.85
5263	0.64
5264	0.73
5265	0.68
5266	0.51
5267	0.84
5268	0.57
5269	0.46
5270	0.57
5271	0.65
5272	0.97
5273	0.58
5274	0.85
5275	0.53
5276	0.77
5277	0.47
5278	0.66
5279	0.86
5280	0.89
5281	0.9
5282	0.9
5283	0.6
5284	0.84
5285	0.97
5286	0.68
5287	0.87
5288	0.66
5289	0.52
5290	0.48
5291	0.87
5292	0.51
5293	0.73
5294	0.46
5295	0.58
5296	0.5
5297	0.52
5298	0.69
5299	0.95
5300	0.86
5301	0.56
5302	0.94
5303	0.91
5304	0.9
5305	0.67
5306	0.85
5307	0.52
5308	0.64
5309	0.78
5310	0.56
5311	0.96
5312	0.87
5313	0.74
5314	0.78
5315	0.72
5316	0.74
5317	0.94
5318	0.49
5319	0.64
5320	0.48
5321	0.97
5322	0.86
5323	0.46
5324	0.64
5325	0.88
5326	0.69
5327	0.88
5328	0.56
5329	0.69
5330	0.84
5331	0.6
5332	0.5
5333	0.47
5334	0.83
5335	0.65
5336	0.82
5337	0.6
5338	0.48
5339	0.99
5340	0.85
5341	0.81
5342	0.83
5343	0.67
5344	0.68
5345	0.8
5346	0.6
5347	0.49
5348	0.53
5349	0.68
5350	0.5
5351	0.58
5352	0.7
5353	0.55
5354	0.79
5355	0.6
5356	0.53
5357	0.51
5358	0.99
5359	0.8
5360	0.92
5361	0.58
5362	0.98
5363	0.6
5364	0.86
5365	0.74
5366	0.5
5367	0.57
5368	0.72
5369	0.56
5370	0.99
5371	0.69
5372	0.54
5373	0.73
5374	0.82
5375	0.81
5376	0.78
5377	0.95
5378	0.46
5379	0.79
5380	0.83
5381	0.8
5382	0.89
5383	0.79
5384	0.73
5385	0.75
5386	0.74
5387	0.59
5388	0.54
5389	0.62
5390	0.81
5391	0.53
5392	0.73
5393	0.91
5394	0.55
5395	0.79
5396	0.76
5397	0.81
5398	0.81
5399	0.82
5400	0.5
5401	0.99
5402	0.45
5403	0.57
5404	0.96
5405	0.55
5406	0.99
5407	0.46
5408	0.94
5409	0.62
5410	0.48
5411	0.59
5412	0.63
5413	0.67
5414	0.56
5415	0.74
5416	0.96
5417	0.9
5418	0.55
5419	0.48
5420	0.58
5421	0.72
5422	0.98
5423	0.64
5424	0.6
5425	0.89
5426	0.89
5427	0.9
5428	0.46
5429	0.86
5430	0.79
5431	0.5
5432	0.65
5433	0.48
5434	0.96
5435	0.85
5436	0.56
5437	0.69
5438	0.63
5439	0.53
5440	0.73
5441	0.61
5442	0.68
5443	0.63
5444	0.81
5445	0.58
5446	0.86
5447	0.99
5448	0.68
5449	0.61
5450	0.65
5451	0.89
5452	0.53
5453	0.73
5454	0.49
5455	0.74
5456	0.82
5457	0.95
5458	0.55
5459	0.61
5460	0.98
5461	0.63
5462	0.57
5463	0.64
5464	0.88
5465	0.86
5466	0.45
5467	0.62
5468	0.96
5469	0.54
5470	0.62
5471	0.47
5472	0.66
5473	0.64
5474	0.76
5475	0.82
5476	0.99
5477	0.75
5478	0.84
5479	0.46
5480	0.47
5481	0.46
5482	0.77
5483	0.93
5484	0.98
5485	0.71
5486	0.46
5487	0.68
5488	0.53
5489	0.52
5490	0.92
5491	0.47
5492	0.86
5493	0.51
5494	0.5
5495	0.97
5496	0.68
5497	0.8
5498	0.49
5499	0.65
5500	0.74
5501	0.96
5502	0.71
5503	0.9
5504	0.96
5505	0.67
5506	0.72
5507	0.88
5508	0.53
5509	0.6
5510	0.58
5511	0.63
5512	0.58
5513	0.61
5514	0.89
5515	0.58
5516	0.88
5517	0.75
5518	0.92
5519	0.88
5520	0.55
5521	0.59
5522	0.75
5523	0.8
5524	0.46
5525	0.85
5526	0.85
5527	0.97
5528	0.46
5529	0.76
5530	0.5
5531	0.78
5532	0.58
5533	0.61
5534	0.81
5535	0.67
5536	0.99
5537	0.48
5538	0.79
5539	0.51
5540	0.96
5541	0.83
5542	0.66
5543	0.71
5544	0.52
5545	0.68
5546	0.81
5547	0.79
5548	0.51
5549	0.76
5550	0.8
5551	0.74
5552	0.91
5553	0.81
5554	0.9
5555	0.84
5556	0.51
5557	0.62
5558	0.7
5559	0.99
5560	0.52
5561	0.84
5562	0.73
5563	0.8
5564	0.69
5565	0.74
5566	0.67
5567	0.49
5568	0.89
5569	0.59
5570	0.62
5571	0.66
5572	0.74
5573	0.66
5574	0.76
5575	0.6
5576	0.67
5577	0.51
5578	0.58
5579	0.81
5580	0.5
5581	0.59
5582	0.75
5583	0.72
5584	0.92
5585	0.69
5586	0.57
5587	0.79
5588	0.81
5589	0.97
5590	0.55
5591	0.88
5592	0.61
5593	0.62
5594	0.53
5595	0.55
5596	0.56
5597	0.6
5598	0.8
5599	0.71
5600	0.48
5601	0.71
5602	0.89
5603	0.79
5604	0.94
5605	0.89
5606	0.62
5607	0.91
5608	0.56
5609	0.98
5610	0.67
5611	0.53
5612	0.9
5613	0.87
5614	0.51
5615	0.57
5616	0.86
5617	0.87
5618	0.49
5619	0.66
5620	0.96
5621	0.95
5622	0.47
5623	0.84
5624	0.69
5625	0.89
5626	0.95
5627	0.71
5628	0.8
5629	0.73
5630	0.94
5631	0.67
5632	0.74
5633	0.63
5634	0.51
5635	0.85
5636	0.9
5637	0.54
5638	0.83
5639	0.74
5640	0.74
5641	0.59
5642	0.85
5643	0.47
5644	0.64
5645	0.6
5646	0.95
5647	0.49
5648	0.59
5649	0.64
5650	0.71
5651	0.62
5652	0.47
5653	0.77
5654	0.73
5655	0.62
5656	0.52
5657	0.77
5658	0.86
5659	0.5
5660	0.53
5661	0.86
5662	0.87
5663	0.62
5664	0.62
5665	0.8
5666	0.87
5667	0.9
5668	0.68
5669	0.96
5670	0.48
5671	0.75
5672	0.65
5673	0.88
5674	0.67
5675	0.74
5676	0.66
5677	0.52
5678	0.75
5679	0.74
5680	0.73
5681	0.89
5682	0.76
5683	0.73
5684	0.68
5685	0.78
5686	0.86
5687	0.49
5688	0.54
5689	0.96
5690	0.81
5691	0.91
5692	0.7
5693	0.49
5694	0.51
5695	0.59
5696	0.55
5697	0.94
5698	0.68
5699	0.53
5700	0.84
5701	0.82
5702	0.58
5703	0.87
5704	0.95
5705	0.61
5706	0.64
5707	0.99
5708	0.68
5709	0.45
5710	0.6
5711	0.58
5712	0.5
5713	0.6
5714	0.9
5715	0.68
5716	0.7
5717	0.59
5718	0.55
5719	0.87
5720	0.63
5721	0.88
5722	0.95
5723	0.49
5724	0.56
5725	0.72
5726	0.67
5727	0.75
5728	0.49
5729	0.91
5730	0.58
5731	0.72
5732	0.6
5733	0.86
5734	0.46
5735	0.74
5736	0.59
5737	0.87
5738	0.99
5739	0.48
5740	0.71
5741	0.58
5742	0.63
5743	0.65
5744	0.88
5745	0.49
5746	0.85
5747	0.79
5748	0.76
5749	0.92
5750	0.65
5751	0.77
5752	0.53
5753	0.93
5754	0.74
5755	0.47
5756	0.74
5757	0.65
5758	0.47
5759	0.84
5760	0.57
5761	0.5
5762	0.88
5763	0.74
5764	0.58
5765	0.46
5766	0.72
5767	0.95
5768	0.58
5769	0.84
5770	0.7
5771	0.46
5772	0.92
5773	0.98
5774	0.95
5775	0.76
5776	0.51
5777	0.72
5778	0.79
5779	0.63
5780	0.47
5781	0.53
5782	0.62
5783	0.73
5784	0.72
5785	0.64
5786	0.69
5787	0.74
5788	0.62
5789	0.51
5790	0.53
5791	0.82
5792	0.61
5793	0.98
5794	0.99
5795	0.76
5796	0.79
5797	0.52
5798	0.51
5799	0.5
5800	0.48
5801	0.93
5802	0.96
5803	0.8
5804	0.65
5805	0.85
5806	0.52
5807	0.88
5808	0.58
5809	0.64
5810	0.68
5811	0.59
5812	0.46
5813	0.83
5814	0.9
5815	0.94
5816	0.5
5817	0.57
5818	0.59
5819	0.93
5820	0.6
5821	0.98
5822	0.56
5823	0.9
5824	0.98
5825	0.54
5826	0.51
5827	0.89
5828	0.92
5829	0.5
5830	0.91
5831	0.92
5832	0.47
5833	0.71
5834	0.48
5835	0.94
5836	0.83
5837	0.99
5838	0.47
5839	0.8
5840	0.61
5841	0.55
5842	0.7
5843	0.84
5844	0.52
5845	0.98
5846	0.83
5847	0.84
5848	0.79
5849	0.52
5850	0.78
5851	0.82
5852	0.48
5853	0.79
5854	0.9
5855	0.96
5856	0.73
5857	0.61
5858	0.76
5859	0.89
5860	0.73
5861	0.72
5862	0.81
5863	0.73
5864	0.88
5865	0.86
5866	0.82
5867	0.66
5868	0.81
5869	0.59
5870	0.65
5871	0.57
5872	0.82
5873	0.68
5874	0.89
5875	0.48
5876	0.72
5877	0.91
5878	0.89
5879	0.87
5880	0.7
5881	0.55
5882	0.61
5883	0.82
5884	0.46
5885	0.97
5886	0.62
5887	0.67
5888	0.67
5889	0.49
5890	0.79
5891	0.62
5892	0.71
5893	0.74
5894	0.82
5895	0.46
5896	0.53
5897	0.98
5898	0.9
5899	0.9
5900	0.97
5901	0.78
5902	0.5
5903	0.57
5904	0.99
5905	0.97
5906	0.85
5907	0.91
5908	0.89
5909	0.76
5910	0.94
5911	0.74
5912	0.66
5913	0.57
5914	0.87
5915	0.87
5916	0.49
5917	0.59
5918	0.66
5919	0.86
5920	0.48
5921	0.57
5922	0.56
5923	0.8
5924	0.52
5925	0.62
5926	0.81
5927	0.75
5928	0.65
5929	0.99
5930	0.76
5931	0.55
5932	0.69
5933	0.52
5934	0.79
5935	0.99
5936	0.64
5937	0.51
5938	0.64
5939	0.93
5940	0.51
5941	0.68
5942	0.85
5943	0.57
5944	0.9
5945	0.95
5946	0.54
5947	0.74
5948	0.81
5949	0.66
5950	0.75
5951	0.78
5952	0.87
5953	0.71
5954	0.59
5955	0.53
5956	0.97
5957	0.87
5958	0.95
5959	0.98
5960	0.9
5961	0.91
5962	0.59
5963	0.74
5964	0.78
5965	0.52
5966	0.5
5967	0.59
5968	0.55
5969	0.51
5970	0.52
5971	0.76
5972	0.7
5973	0.51
5974	0.63
5975	0.69
5976	0.83
5977	0.95
5978	0.89
5979	0.81
5980	0.81
5981	0.8
5982	0.49
5983	0.88
5984	0.66
5985	0.47
5986	0.89
5987	0.64
5988	0.53
5989	0.54
5990	0.96
5991	0.89
5992	0.79
5993	0.47
5994	0.8
5995	0.91
5996	0.97
5997	0.99
5998	0.93
5999	0.84
6000	0.6
6001	0.64
6002	0.92
6003	0.76
6004	0.99
6005	0.85
6006	0.87
6007	0.92
6008	0.87
6009	0.61
6010	0.72
6011	0.46
6012	0.98
6013	0.74
6014	0.61
6015	0.74
6016	0.5
6017	0.9
6018	0.69
6019	0.58
6020	0.54
6021	0.46
6022	0.75
6023	0.73
6024	0.52
6025	0.63
6026	0.89
6027	0.76
6028	0.64
6029	0.71
6030	0.54
6031	0.83
6032	0.82
6033	0.63
6034	0.67
6035	0.74
6036	0.63
6037	0.47
6038	0.5
6039	0.67
6040	0.81
6041	0.99
6042	0.98
6043	0.97
6044	0.94
6045	0.82
6046	0.64
6047	0.52
6048	0.65
6049	0.79
6050	0.5
6051	0.62
6052	0.94
6053	0.72
6054	0.86
6055	0.73
6056	0.76
6057	0.96
6058	0.95
6059	0.6
6060	0.78
6061	0.9
6062	0.57
6063	0.9
6064	0.94
6065	0.48
6066	0.9
6067	0.85
6068	0.73
6069	0.95
6070	0.71
6071	0.56
6072	0.69
6073	0.92
6074	0.71
6075	0.56
6076	0.51
6077	0.67
6078	0.82
6079	0.89
6080	0.54
6081	0.53
6082	0.53
6083	0.97
6084	0.78
6085	0.73
6086	0.92
6087	0.84
6088	0.75
6089	0.5
6090	0.65
6091	0.99
6092	0.57
6093	0.85
6094	0.9
6095	0.87
6096	0.47
6097	0.7
6098	0.86
6099	0.7
6100	0.54
6101	0.8
6102	0.72
6103	0.87
6104	0.6
6105	0.52
6106	0.98
6107	0.63
6108	0.96
6109	0.89
6110	0.84
6111	0.63
6112	0.96
6113	0.79
6114	0.54
6115	0.99
6116	0.48
6117	0.56
6118	0.48
6119	0.89
6120	0.72
6121	0.94
6122	0.65
6123	0.92
6124	0.76
6125	0.92
6126	0.97
6127	0.99
6128	0.7
6129	0.64
6130	0.83
6131	0.94
6132	0.64
6133	0.46
6134	0.58
6135	0.88
6136	0.65
6137	0.89
6138	0.49
6139	0.59
6140	0.82
6141	0.52
6142	0.83
6143	0.6
6144	0.86
6145	0.5
6146	0.63
6147	0.99
6148	0.46
6149	0.47
6150	0.69
6151	0.63
6152	0.95
6153	0.57
6154	0.45
6155	0.47
6156	0.87
6157	0.7
6158	0.5
6159	0.94
6160	0.73
6161	0.83
6162	0.52
6163	0.51
6164	0.77
6165	0.7
6166	0.96
6167	0.72
6168	0.92
6169	0.93
6170	0.82
6171	0.96
6172	0.87
6173	0.84
6174	0.76
6175	0.97
6176	0.62
6177	0.99
6178	0.87
6179	0.9
6180	0.92
6181	0.67
6182	0.52
6183	0.52
6184	0.71
6185	0.72
6186	0.53
6187	0.6
6188	0.9
6189	0.8
6190	0.95
6191	0.54
6192	0.93
6193	0.59
6194	0.74
6195	0.87
6196	0.74
6197	0.67
6198	0.69
6199	0.86
6200	0.52
6201	0.67
6202	0.94
6203	0.64
6204	0.81
6205	0.74
6206	0.55
6207	0.85
6208	0.67
6209	0.75
6210	0.9
6211	0.96
6212	0.85
6213	0.54
6214	0.78
6215	0.64
6216	0.54
6217	0.7
6218	0.84
6219	0.79
6220	0.82
6221	0.59
6222	0.49
6223	0.57
6224	0.48
6225	0.69
6226	0.48
6227	0.48
6228	0.48
6229	0.94
6230	0.74
6231	0.93
6232	0.53
6233	0.62
6234	0.5
6235	0.57
6236	0.64
6237	0.79
6238	0.78
6239	0.54
6240	0.72
6241	0.56
6242	0.97
6243	0.61
6244	0.85
6245	0.97
6246	0.91
6247	0.8
6248	0.95
6249	0.92
6250	0.88
6251	0.95
6252	0.96
6253	0.93
6254	0.96
6255	0.89
6256	0.95
6257	0.75
6258	0.81
6259	0.7
6260	0.72
6261	0.49
6262	0.45
6263	0.5
6264	0.45
6265	0.8
6266	0.76
6267	0.91
6268	0.69
6269	0.98
6270	0.79
6271	0.53
6272	0.83
6273	0.88
6274	0.82
6275	0.64
6276	0.63
6277	0.81
6278	0.58
6279	0.99
6280	0.52
6281	0.76
6282	0.82
6283	0.77
6284	0.46
6285	0.9
6286	0.98
6287	0.89
6288	0.48
6289	0.82
6290	0.53
6291	0.98
6292	0.79
6293	0.92
6294	0.64
6295	0.84
6296	0.93
6297	0.52
6298	0.64
6299	0.63
6300	0.81
6301	0.87
